Start Date,Unleaded Price,Diesel Price
01/01/2010,2.6511,2.8152
01/02/2010,2.6564,2.8196
01/03/2010,2.6601,2.8233
01/04/2010,2.6629,2.8275
01/05/2010,2.6667,2.8313
01/06/2010,2.6849,2.8467
01/07/2010,2.7089,2.8692
01/08/2010,2.7254,2.8857
01/09/2010,2.7366,2.8991
01/10/2010,2.7429,2.9069
01/11/2010,2.7469,2.9066
01/12/2010,2.7505,2.9124
01/13/2010,2.7568,2.9197
01/14/2010,2.7583,2.9232
01/15/2010,2.7566,2.9236
01/16/2010,2.7526,2.9228
01/17/2010,2.7493,2.9221
01/18/2010,2.7461,2.9161
01/19/2010,2.7399,2.9127
01/20/2010,2.737,2.9125
01/21/2010,2.7325,2.91
01/22/2010,2.7269,2.9061
01/23/2010,2.7182,2.901
01/24/2010,2.7126,2.8968
01/25/2010,2.7091,2.89
01/26/2010,2.7,2.8841
01/27/2010,2.6951,2.8832
01/28/2010,2.6904,2.8782
01/29/2010,2.685,2.872
01/30/2010,2.6784,2.8679
01/31/2010,2.6741,2.8661
02/01/2010,2.6692,2.8582
02/02/2010,2.6613,2.8552
02/03/2010,2.6558,2.8534
02/04/2010,2.6588,2.8518
02/05/2010,2.6643,2.8521
02/06/2010,2.6612,2.8515
02/07/2010,2.657,2.8482
02/08/2010,2.6519,2.8392
02/09/2010,2.6443,2.8404
02/10/2010,2.6408,2.8392
02/11/2010,2.6357,2.8351
02/12/2010,2.6276,2.8297
02/13/2010,2.6224,2.8304
02/14/2010,2.6204,2.8287
02/15/2010,2.6164,2.8234
02/16/2010,2.6103,2.8201
02/17/2010,2.6082,2.8217
02/18/2010,2.6138,2.8237
02/19/2010,2.6234,2.8257
02/20/2010,2.6341,2.8299
02/21/2010,2.6418,2.8353
02/22/2010,2.648,2.838
02/23/2010,2.6598,2.8476
02/24/2010,2.6779,2.8572
02/25/2010,2.6934,2.8672
02/26/2010,2.7013,2.8723
02/27/2010,2.703,2.8732
02/28/2010,2.7043,2.8735
03/01/2010,2.7051,2.8749
03/02/2010,2.7025,2.8744
03/03/2010,2.7031,2.8763
03/04/2010,2.7055,2.8777
03/05/2010,2.7204,2.8827
03/06/2010,2.7364,2.8907
03/07/2010,2.7471,2.8957
03/08/2010,2.7531,2.8969
03/09/2010,2.7585,2.9028
03/10/2010,2.7678,2.9086
03/11/2010,2.7757,2.9147
03/12/2010,2.783,2.9186
03/13/2010,2.7878,2.921
03/14/2010,2.7893,2.9233
03/15/2010,2.7901,2.9238
03/16/2010,2.7874,2.9237
03/17/2010,2.7893,2.9252
03/18/2010,2.7985,2.9283
03/19/2010,2.8108,2.934
03/20/2010,2.8177,2.9393
03/21/2010,2.82,2.9415
03/22/2010,2.82,2.9417
03/23/2010,2.8161,2.9411
03/24/2010,2.8157,2.9429
03/25/2010,2.8134,2.9437
03/26/2010,2.8111,2.9446
03/27/2010,2.8059,2.9445
03/28/2010,2.8029,2.9436
03/29/2010,2.7998,2.9409
03/30/2010,2.7952,2.9403
03/31/2010,2.7979,2.9435
04/01/2010,2.8029,2.9472
04/02/2010,2.8116,2.9532
04/03/2010,2.8199,2.9642
04/04/2010,2.8263,2.9767
04/05/2010,2.8278,2.9855
04/06/2010,2.8303,2.9907
04/07/2010,2.8436,3.0064
04/08/2010,2.8562,3.0276
04/09/2010,2.8622,3.0417
04/10/2010,2.8632,3.0503
04/11/2010,2.8626,3.0534
04/12/2010,2.8604,3.0551
04/13/2010,2.8575,3.0533
04/14/2010,2.857,3.0562
04/15/2010,2.8575,3.0596
04/16/2010,2.8617,3.0616
04/17/2010,2.8638,3.0642
04/18/2010,2.8645,3.0662
04/19/2010,2.8619,3.0641
04/20/2010,2.8586,3.0642
04/21/2010,2.8564,3.066
04/22/2010,2.8545,3.0661
04/23/2010,2.8512,3.0667
04/24/2010,2.8506,3.0681
04/25/2010,2.8535,3.0705
04/26/2010,2.8544,3.0718
04/27/2010,2.8576,3.0725
04/28/2010,2.8692,3.0778
04/29/2010,2.8769,3.0823
04/30/2010,2.8805,3.0851
05/01/2010,2.8849,3.0901
05/02/2010,2.883,3.0902
05/03/2010,2.8947,3.0988
05/04/2010,2.9035,3.1067
05/05/2010,2.9186,3.1186
05/06/2010,2.9292,3.1302
05/07/2010,2.9223,3.1291
05/08/2010,2.9202,3.1308
05/09/2010,2.914,3.1282
05/10/2010,2.908,3.1239
05/11/2010,2.9014,3.1202
05/12/2010,2.8961,3.1187
05/13/2010,2.8898,3.115
05/14/2010,2.8832,3.1117
05/15/2010,2.8766,3.1097
05/16/2010,2.8718,3.107
05/17/2010,2.8674,3.102
05/18/2010,2.8587,3.097
05/19/2010,2.8516,3.0931
05/20/2010,2.8401,3.0848
05/21/2010,2.827,3.0759
05/22/2010,2.8117,3.0665
05/23/2010,2.8013,3.0577
05/24/2010,2.7931,3.0493
05/25/2010,2.7801,3.0404
05/26/2010,2.7705,3.0338
05/27/2010,2.759,3.0236
05/28/2010,2.7485,3.0162
05/29/2010,2.7406,3.0098
05/30/2010,2.7365,3.007
05/31/2010,2.7316,3.0035
06/01/2010,2.7266,2.9974
06/02/2010,2.7226,2.9977
06/03/2010,2.7156,2.9943
06/04/2010,2.7258,2.9938
06/05/2010,2.7213,2.9882
06/06/2010,2.7272,2.99
06/07/2010,2.7244,2.9856
06/08/2010,2.7181,2.9825
06/09/2010,2.713,2.9808
06/10/2010,2.7062,2.9753
06/11/2010,2.7035,2.972
06/12/2010,2.7017,2.9696
06/13/2010,2.7007,2.9684
06/14/2010,2.6984,2.9639
06/15/2010,2.6964,2.9631
06/16/2010,2.7001,2.9635
06/17/2010,2.707,2.9635
06/18/2010,2.7189,2.9662
06/19/2010,2.729,2.9724
06/20/2010,2.7342,2.9746
06/21/2010,2.7369,2.9757
06/22/2010,2.7321,2.9758
06/23/2010,2.7411,2.9785
06/24/2010,2.7525,2.9827
06/25/2010,2.7546,2.9834
06/26/2010,2.7532,2.9826
06/27/2010,2.7548,2.9824
06/28/2010,2.7558,2.9802
06/29/2010,2.7546,2.9811
06/30/2010,2.7554,2.9834
07/01/2010,2.7535,2.9827
07/02/2010,2.7497,2.9816
07/03/2010,2.743,2.9773
07/04/2010,2.7377,2.9746
07/05/2010,2.7239,2.9657
07/06/2010,2.7242,2.9615
07/07/2010,2.7208,2.9621
07/08/2010,2.7165,2.9607
07/09/2010,2.7128,2.957
07/10/2010,2.7121,2.9556
07/11/2010,2.7133,2.9537
07/12/2010,2.7148,2.9512
07/13/2010,2.7127,2.9511
07/14/2010,2.7134,2.9521
07/15/2010,2.7182,2.9514
07/16/2010,2.7232,2.952
07/17/2010,2.7247,2.9514
07/18/2010,2.7234,2.95
07/19/2010,2.7224,2.9472
07/20/2010,2.7187,2.9455
07/21/2010,2.7175,2.947
07/22/2010,2.7177,2.947
07/23/2010,2.7181,2.9458
07/24/2010,2.7227,2.9438
07/25/2010,2.7366,2.9492
07/26/2010,2.7417,2.9481
07/27/2010,2.7418,2.947
07/28/2010,2.745,2.9513
07/29/2010,2.7438,2.9516
07/30/2010,2.7406,2.9507
07/31/2010,2.7382,2.95
08/01/2010,2.7365,2.9502
08/02/2010,2.7349,2.9479
08/03/2010,2.726,2.9472
08/04/2010,2.7473,2.9546
08/05/2010,2.7653,2.9653
08/06/2010,2.7785,2.9777
08/07/2010,2.7755,2.9834
08/08/2010,2.776,2.9866
08/09/2010,2.7743,2.9891
08/10/2010,2.7807,2.993
08/11/2010,2.7799,2.9968
08/12/2010,2.7761,2.9982
08/13/2010,2.7701,2.9982
08/14/2010,2.761,2.9968
08/15/2010,2.755,2.9942
08/16/2010,2.7499,2.9884
08/17/2010,2.7417,2.985
08/18/2010,2.7366,2.9847
08/19/2010,2.7297,2.982
08/20/2010,2.7238,2.9793
08/21/2010,2.7179,2.9768
08/22/2010,2.7127,2.9741
08/23/2010,2.7076,2.9702
08/24/2010,2.7024,2.9668
08/25/2010,2.6963,2.9667
08/26/2010,2.688,2.9623
08/27/2010,2.6824,2.9589
08/28/2010,2.6816,2.9567
08/29/2010,2.6781,2.9532
08/30/2010,2.6784,2.9527
08/31/2010,2.6772,2.9521
09/01/2010,2.6778,2.9547
09/02/2010,2.6758,2.9542
09/03/2010,2.6808,2.9529
09/04/2010,2.6827,2.9523
09/05/2010,2.6837,2.9524
09/06/2010,2.6833,2.9517
09/07/2010,2.6815,2.9484
09/08/2010,2.68,2.9494
09/09/2010,2.6829,2.9534
09/10/2010,2.6851,2.9531
09/11/2010,2.689,2.9536
09/12/2010,2.6989,2.956
09/13/2010,2.709,2.9547
09/14/2010,2.7168,2.9589
09/15/2010,2.7306,2.9664
09/16/2010,2.7338,2.9687
09/17/2010,2.7395,2.9745
09/18/2010,2.7351,2.9747
09/19/2010,2.7312,2.9742
09/20/2010,2.726,2.9697
09/21/2010,2.7209,2.9669
09/22/2010,2.7201,2.9724
09/23/2010,2.7145,2.9725
09/24/2010,2.7098,2.9722
09/25/2010,2.7037,2.9718
09/26/2010,2.6998,2.9704
09/27/2010,2.6943,2.9647
09/28/2010,2.6909,2.9654
09/29/2010,2.6915,2.9703
09/30/2010,2.689,2.9709
10/01/2010,2.6922,2.9754
10/02/2010,2.7017,2.9843
10/03/2010,2.711,2.996
10/04/2010,2.7183,3.008
10/05/2010,2.7321,3.0207
10/06/2010,2.7514,3.0356
10/07/2010,2.7681,3.0508
10/08/2010,2.782,3.0637
10/09/2010,2.792,3.0723
10/10/2010,2.8021,3.0779
10/11/2010,2.8072,3.0803
10/12/2010,2.8108,3.0821
10/13/2010,2.8202,3.0879
10/14/2010,2.8281,3.0923
10/15/2010,2.8331,3.0958
10/16/2010,2.8341,3.0977
10/17/2010,2.8341,3.0988
10/18/2010,2.8321,3.0966
10/19/2010,2.8292,3.0959
10/20/2010,2.8311,3.099
10/21/2010,2.8313,3.0989
10/22/2010,2.8272,3.0979
10/23/2010,2.8206,3.0967
10/24/2010,2.8173,3.0969
10/25/2010,2.8133,3.092
10/26/2010,2.8099,3.0916
10/27/2010,2.8073,3.0947
10/28/2010,2.8077,3.0952
10/29/2010,2.8088,3.0957
10/30/2010,2.8076,3.0953
10/31/2010,2.8059,3.0939
11/01/2010,2.8025,3.0902
11/02/2010,2.8003,3.0882
11/03/2010,2.7993,3.0912
11/04/2010,2.8064,3.0943
11/05/2010,2.8191,3.0975
11/06/2010,2.8344,3.1058
11/07/2010,2.8477,3.1167
11/08/2010,2.8543,3.122
11/09/2010,2.8569,3.1294
11/10/2010,2.8627,3.1407
11/11/2010,2.864,3.1506
11/12/2010,2.8756,3.1653
11/13/2010,2.8856,3.1793
11/14/2010,2.8909,3.1867
11/15/2010,2.8919,3.1905
11/16/2010,2.8926,3.1929
11/17/2010,2.892,3.1973
11/18/2010,2.8879,3.1981
11/19/2010,2.8833,3.1961
11/20/2010,2.8788,3.1946
11/21/2010,2.8754,3.1922
11/22/2010,2.872,3.1895
11/23/2010,2.87,3.1881
11/24/2010,2.8694,3.1883
11/25/2010,2.8646,3.1859
11/26/2010,2.8627,3.1861
11/27/2010,2.8594,3.1836
11/28/2010,2.8597,3.1853
11/29/2010,2.857,3.1831
11/30/2010,2.8537,3.1819
12/01/2010,2.8641,3.1846
12/02/2010,2.879,3.186
12/03/2010,2.9,3.19
12/04/2010,2.9218,3.1998
12/05/2010,2.9386,3.2079
12/06/2010,2.9513,3.2126
12/07/2010,2.9583,3.2202
12/08/2010,2.9681,3.2303
12/09/2010,2.9747,3.2376
12/10/2010,2.9774,3.2421
12/11/2010,2.9792,3.2441
12/12/2010,2.9744,3.2445
12/13/2010,2.9778,3.2453
12/14/2010,2.9792,3.2485
12/15/2010,2.984,3.2516
12/16/2010,2.984,3.2537
12/17/2010,2.9835,3.2583
12/18/2010,2.9822,3.2605
12/19/2010,2.9806,3.2622
12/20/2010,2.9807,3.2605
12/21/2010,2.9834,3.2597
12/22/2010,2.9967,3.2643
12/23/2010,3.0133,3.2702
12/24/2010,3.0251,3.2785
12/25/2010,3.0341,3.2871
12/26/2010,3.0402,3.2922
12/27/2010,3.0419,3.2949
12/28/2010,3.0491,3.2983
12/29/2010,3.0606,3.3076
12/30/2010,3.0706,3.3149
12/31/2010,3.0721,3.3181
01/01/2011,3.0726,3.3194
01/02/2011,3.0725,3.319
01/03/2011,3.0716,3.3178
01/04/2011,3.0731,3.3218
01/05/2011,3.077,3.3274
01/06/2011,3.0789,3.3312
01/07/2011,3.0833,3.3325
01/08/2011,3.0876,3.3342
01/09/2011,3.0884,3.3349
01/10/2011,3.0876,3.3313
01/11/2011,3.089,3.3364
01/12/2011,3.0932,3.344
01/13/2011,3.0945,3.35
01/14/2011,3.0949,3.359
01/15/2011,3.0957,3.3687
01/16/2011,3.0969,3.3758
01/17/2011,3.0961,3.3791
01/18/2011,3.1004,3.3865
01/19/2011,3.1084,3.3946
01/20/2011,3.1147,3.4037
01/21/2011,3.1173,3.4125
01/22/2011,3.1155,3.4181
01/23/2011,3.1133,3.4198
01/24/2011,3.1119,3.4204
01/25/2011,3.11,3.4227
01/26/2011,3.1063,3.4253
01/27/2011,3.1005,3.4262
01/28/2011,3.1,3.4269
01/29/2011,3.1006,3.4291
01/30/2011,3.0993,3.4318
01/31/2011,3.0989,3.4311
02/01/2011,3.1005,3.4349
02/02/2011,3.1077,3.4441
02/03/2011,3.1163,3.4572
02/04/2011,3.1241,3.4705
02/05/2011,3.1217,3.4799
02/06/2011,3.1243,3.4912
02/07/2011,3.122,3.4914
02/08/2011,3.1168,3.4949
02/09/2011,3.1152,3.499
02/10/2011,3.1192,3.5054
02/11/2011,3.1268,3.516
02/12/2011,3.1281,3.5227
02/13/2011,3.1275,3.5248
02/14/2011,3.1263,3.526
02/15/2011,3.1241,3.5288
02/16/2011,3.1331,3.5331
02/17/2011,3.1452,3.5395
02/18/2011,3.1555,3.5477
02/19/2011,3.1633,3.5566
02/20/2011,3.1677,3.5616
02/21/2011,3.1705,3.5656
02/22/2011,3.1709,3.5642
02/23/2011,3.1936,3.5745
02/24/2011,3.2282,3.5949
02/25/2011,3.2874,3.6348
02/26/2011,3.3333,3.6773
02/27/2011,3.3544,3.6992
02/28/2011,3.3675,3.7134
03/01/2011,3.375,3.7286
03/02/2011,3.3868,3.744
03/03/2011,3.4269,3.7755
03/04/2011,3.471,3.8149
03/05/2011,3.4926,3.8429
03/06/2011,3.5027,3.8626
03/07/2011,3.5094,3.8778
03/08/2011,3.5166,3.8888
03/09/2011,3.5244,3.9003
03/10/2011,3.5291,3.9104
03/11/2011,3.5416,3.9166
03/12/2011,3.5542,3.9216
03/13/2011,3.5569,3.9254
03/14/2011,3.5582,3.929
03/15/2011,3.5558,3.9299
03/16/2011,3.5528,3.9298
03/17/2011,3.5464,3.9298
03/18/2011,3.5399,3.9291
03/19/2011,3.5422,3.9298
03/20/2011,3.548,3.9328
03/21/2011,3.5494,3.9357
03/22/2011,3.547,3.9342
03/23/2011,3.548,3.9351
03/24/2011,3.5512,3.9397
03/25/2011,3.5612,3.9457
03/26/2011,3.5728,3.9502
03/27/2011,3.5778,3.9568
03/28/2011,3.584,3.96
03/29/2011,3.5867,3.9598
03/30/2011,3.5947,3.9606
03/31/2011,3.6064,3.9634
04/01/2011,3.6189,3.9664
04/02/2011,3.633,3.9716
04/03/2011,3.6449,3.9776
04/04/2011,3.6617,3.9853
04/05/2011,3.6847,3.9926
04/06/2011,3.7069,4.0032
04/07/2011,3.725,4.0172
04/08/2011,3.7387,4.0284
04/09/2011,3.7495,4.0377
04/10/2011,3.7607,4.0532
04/11/2011,3.7697,4.0764
04/12/2011,3.791,4.0961
04/13/2011,3.8082,4.1122
04/14/2011,3.8122,4.1214
04/15/2011,3.8146,4.1245
04/16/2011,3.8181,4.1274
04/17/2011,3.8271,4.1311
04/18/2011,3.8333,4.134
04/19/2011,3.8349,4.1336
04/20/2011,3.8367,4.1339
04/21/2011,3.8404,4.1348
04/22/2011,3.8484,4.1349
04/23/2011,3.8555,4.1361
04/24/2011,3.8598,4.1393
04/25/2011,3.8628,4.141
04/26/2011,3.8686,4.1389
04/27/2011,3.879,4.1402
04/28/2011,3.8861,4.1417
04/29/2011,3.9093,4.1455
04/30/2011,3.9309,4.1497
05/01/2011,3.9427,4.1528
05/02/2011,3.9516,4.1553
05/03/2011,3.9672,4.1605
05/04/2011,3.982,4.1657
05/05/2011,3.9845,4.1666
05/06/2011,3.9835,4.1657
05/07/2011,3.975,4.1623
05/08/2011,3.9659,4.1585
05/09/2011,3.9603,4.1548
05/10/2011,3.9505,4.1478
05/11/2011,3.9621,4.1437
05/12/2011,3.9843,4.1414
05/13/2011,3.9821,4.1369
05/14/2011,3.9699,4.13
05/15/2011,3.961,4.1268
05/16/2011,3.9553,4.1233
05/17/2011,3.9437,4.1162
05/18/2011,3.9255,4.1053
05/19/2011,3.9053,4.0928
05/20/2011,3.8863,4.0803
05/21/2011,3.8666,4.0688
05/22/2011,3.8522,4.0624
05/23/2011,3.8431,4.0574
05/24/2011,3.828,4.049
05/25/2011,3.8143,4.0408
05/26/2011,3.8129,4.032
05/27/2011,3.8085,4.0249
05/28/2011,3.7976,4.0198
05/29/2011,3.7901,4.0168
05/30/2011,3.7852,4.0155
05/31/2011,3.7796,4.012
06/01/2011,3.775,4.0079
06/02/2011,3.784,4.0067
06/03/2011,3.7893,4.0049
06/04/2011,3.7828,4.002
06/05/2011,3.7749,3.9985
06/06/2011,3.771,3.998
06/07/2011,3.761,3.9962
06/08/2011,3.7479,3.9926
06/09/2011,3.7341,3.9881
06/10/2011,3.7226,3.9857
06/11/2011,3.7138,3.9853
06/12/2011,3.7077,3.9848
06/13/2011,3.703,3.9839
06/14/2011,3.6964,3.9839
06/15/2011,3.6893,3.9841
06/16/2011,3.6848,3.9848
06/17/2011,3.6751,3.9822
06/18/2011,3.6625,3.9792
06/19/2011,3.6497,3.9754
06/20/2011,3.6463,3.9726
06/21/2011,3.637,3.9699
06/22/2011,3.6258,3.9665
06/23/2011,3.6124,3.9588
06/24/2011,3.6011,3.951
06/25/2011,3.5868,3.9428
06/26/2011,3.5747,3.9346
06/27/2011,3.5649,3.9262
06/28/2011,3.5511,3.918
06/29/2011,3.5426,3.911
06/30/2011,3.5412,3.9022
07/01/2011,3.55,3.8978
07/02/2011,3.5622,3.8968
07/03/2011,3.5646,3.8946
07/04/2011,3.565,3.891
07/05/2011,3.5624,3.8888
07/06/2011,3.5691,3.8896
07/07/2011,3.5832,3.892
07/08/2011,3.5936,3.8942
07/09/2011,3.6153,3.9019
07/10/2011,3.6267,3.9097
07/11/2011,3.6312,3.9142
07/12/2011,3.6361,3.9199
07/13/2011,3.6454,3.926
07/14/2011,3.6553,3.9317
07/15/2011,3.6668,3.9367
07/16/2011,3.6741,3.9401
07/17/2011,3.6757,3.9423
07/18/2011,3.6756,3.9417
07/19/2011,3.6776,3.9464
07/20/2011,3.6835,3.9492
07/21/2011,3.689,3.9516
07/22/2011,3.6951,3.9545
07/23/2011,3.6973,3.9555
07/24/2011,3.696,3.9567
07/25/2011,3.6943,3.9563
07/26/2011,3.6932,3.9583
07/27/2011,3.698,3.9612
07/28/2011,3.7057,3.9633
07/29/2011,3.7098,3.9635
07/30/2011,3.7098,3.9643
07/31/2011,3.7074,3.9638
08/01/2011,3.7054,3.9617
08/02/2011,3.7029,3.9626
08/03/2011,3.7013,3.9638
08/04/2011,3.7029,3.9629
08/05/2011,3.7,3.9604
08/06/2011,3.6845,3.9552
08/07/2011,3.673,3.9504
08/08/2011,3.6634,3.9439
08/09/2011,3.6517,3.9397
08/10/2011,3.6365,3.9336
08/11/2011,3.6195,3.9218
08/12/2011,3.6063,3.9124
08/13/2011,3.6008,3.9056
08/14/2011,3.5983,3.9017
08/15/2011,3.5935,3.8964
08/16/2011,3.5871,3.8948
08/17/2011,3.5842,3.893
08/18/2011,3.5849,3.8909
08/19/2011,3.5846,3.8883
08/20/2011,3.5777,3.8851
08/21/2011,3.5731,3.8819
08/22/2011,3.5689,3.8773
08/23/2011,3.5719,3.8783
08/24/2011,3.5746000000000002,3.8772
08/25/2011,3.582,3.8754
08/26/2011,3.5918,3.875
08/27/2011,3.6039,3.8766
08/28/2011,3.6093,3.878
08/29/2011,3.6112,3.8781
08/30/2011,3.6117,3.8799
08/31/2011,3.6166,3.8851
09/01/2011,3.6287,3.8918
09/02/2011,3.6472,3.9
09/03/2011,3.6584,3.9062
09/04/2011,3.6616,3.9089
09/05/2011,3.6618,3.9096
09/06/2011,3.6595,3.9081
09/07/2011,3.6574,3.9093
09/08/2011,3.6551,3.9107
09/09/2011,3.659,3.9111
09/10/2011,3.6597,3.9118
09/11/2011,3.655,3.9116
09/12/2011,3.6494,3.9104
09/13/2011,3.6417,3.9091
09/14/2011,3.6341,3.9068
09/15/2011,3.6227,3.9024
09/16/2011,3.6107,3.8977
09/17/2011,3.6007,3.8949
09/18/2011,3.5932,3.8925
09/19/2011,3.5883,3.8897
09/20/2011,3.5802,3.8873
09/21/2011,3.5699,3.8863
09/22/2011,3.5555,3.8823
09/23/2011,3.5396,3.8772
09/24/2011,3.5192,3.8703
09/25/2011,3.5047,3.8639
09/26/2011,3.4931,3.8572
09/27/2011,3.4788,3.851
09/28/2011,3.4646,3.846
09/29/2011,3.4545,3.8392
09/30/2011,3.4445,3.8345
10/01/2011,3.4329,3.8295
10/02/2011,3.4244,3.8248
10/03/2011,3.4168,3.8203
10/04/2011,3.4078,3.8159
10/05/2011,3.3989,3.812
10/06/2011,3.3923,3.8064
10/07/2011,3.3897,3.8003
10/08/2011,3.3953,3.7971
10/09/2011,3.3958,3.795
10/10/2011,3.3951,3.7932
10/11/2011,3.3956,3.7927
10/12/2011,3.405,3.7949
10/13/2011,3.4259,3.7985
10/14/2011,3.4434,3.8009
10/15/2011,3.452,3.8049
10/16/2011,3.4574,3.8115
10/17/2011,3.4615,3.8194
10/18/2011,3.4688,3.8298
10/19/2011,3.4743,3.838
10/20/2011,3.4739,3.8443
10/21/2011,3.4684,3.8463
10/22/2011,3.4612,3.849
10/23/2011,3.4561,3.8507
10/24/2011,3.451,3.8501
10/25/2011,3.4457,3.852
10/26/2011,3.441,3.8552
10/27/2011,3.4441,3.8589
10/28/2011,3.4476,3.8618
10/29/2011,3.4487,3.8692
10/30/2011,3.4462,3.8757
10/31/2011,3.4432,3.8798
11/01/2011,3.4369,3.8826
11/02/2011,3.4322,3.8885
11/03/2011,3.4255,3.8934
11/04/2011,3.4199,3.8957
11/05/2011,3.4146,3.898
11/06/2011,3.4111,3.8999
11/07/2011,3.4067,3.9019
11/08/2011,3.4136,3.9049
11/09/2011,3.4295,3.9146
11/10/2011,3.439,3.9248
11/11/2011,3.4378,3.9322
11/12/2011,3.4311,3.9428
11/13/2011,3.4217,3.9533
11/14/2011,3.4172,3.96
11/15/2011,3.4113,3.9704
11/16/2011,3.4018,3.9827
11/17/2011,3.3928,3.9924
11/18/2011,3.3836,3.9963
11/19/2011,3.3699,3.9957
11/20/2011,3.3594,3.9929
11/21/2011,3.3511,3.9893
11/22/2011,3.3397,3.9865
11/23/2011,3.3286,3.9825
11/24/2011,3.3184,3.9768
11/25/2011,3.3121,3.9722
11/26/2011,3.3026,3.9652
11/27/2011,3.2995,3.9646
11/28/2011,3.2949,3.9615
11/29/2011,3.2952,3.9592
11/30/2011,3.2952,3.9569
12/01/2011,3.2918,3.95
12/02/2011,3.2864,3.945
12/03/2011,3.28,3.9401
12/04/2011,3.2774,3.9366
12/05/2011,3.2756,3.9319
12/06/2011,3.2754,3.9294
12/07/2011,3.2856,3.9278
12/08/2011,3.2946,3.9248
12/09/2011,3.2928,3.9199
12/10/2011,3.2848,3.9145
12/11/2011,3.2789,3.9095
12/12/2011,3.2742,3.9029
12/13/2011,3.2685,3.9001
12/14/2011,3.2635,3.8957
12/15/2011,3.2587,3.8895
12/16/2011,3.2496,3.8808
12/17/2011,3.2374,3.8702
12/18/2011,3.2283,3.8624
12/19/2011,3.2209,3.8548
12/20/2011,3.2132,3.8501
12/21/2011,3.2061,3.8434
12/22/2011,3.2156,3.837
12/23/2011,3.2237,3.8323
12/24/2011,3.2279,3.8307
12/25/2011,3.2298,3.8294
12/26/2011,3.2314,3.8268
12/27/2011,3.2313,3.8217
12/28/2011,3.2434,3.8243
12/29/2011,3.2539,3.8253
12/30/2011,3.2689,3.8237
12/31/2011,3.2759,3.8225
01/01/2012,3.2775,3.8214
01/02/2012,3.2788,3.8189
01/03/2012,3.2792,3.8164
01/04/2012,3.2878,3.8197
01/05/2012,3.3194,3.827
01/06/2012,3.3519,3.8403
01/07/2012,3.3663,3.8503
01/08/2012,3.3707,3.8544
01/09/2012,3.3736,3.8568
01/10/2012,3.3722,3.8605
01/11/2012,3.3719,3.8636
01/12/2012,3.3823,3.868
01/13/2012,3.3912,3.8714
01/14/2012,3.3909,3.8722
01/15/2012,3.3881,3.8722
01/16/2012,3.3867,3.8712
01/17/2012,3.3806,3.87
01/18/2012,3.3776,3.8709
01/19/2012,3.3779,3.8716
01/20/2012,3.3823,3.8701
01/21/2012,3.3855,3.8693
01/22/2012,3.3846,3.8681
01/23/2012,3.3829,3.8642
01/24/2012,3.3806,3.8654
01/25/2012,3.3791,3.8651
01/26/2012,3.3788,3.8638
01/27/2012,3.3892,3.8631
01/28/2012,3.4059,3.864
01/29/2012,3.4185,3.8667
01/30/2012,3.429,3.8683
01/31/2012,3.4429,3.8718
02/01/2012,3.4503,3.8748
02/02/2012,3.4552,3.8765
02/03/2012,3.4669,3.8774
02/04/2012,3.4752,3.8782
02/05/2012,3.478,3.8799
02/06/2012,3.4795,3.8799
02/07/2012,3.4795,3.8804
02/08/2012,3.4834,3.8877
02/09/2012,3.4878,3.8974
02/10/2012,3.4973,3.908
02/11/2012,3.506,3.9185
02/12/2012,3.5093,3.9246
02/13/2012,3.5109,3.926
02/14/2012,3.5132,3.9314
02/15/2012,3.5184,3.9353
02/16/2012,3.5226,3.9377
02/17/2012,3.5285,3.9406
02/18/2012,3.5377,3.9455
02/19/2012,3.5562,3.9496000000000002
02/20/2012,3.5645,3.9517
02/21/2012,3.5699,3.953
02/22/2012,3.5793,3.959
02/23/2012,3.6117,3.9708
02/24/2012,3.6469,3.9858
02/25/2012,3.6737,4.0047
02/26/2012,3.6884,4.0191
02/27/2012,3.6984,4.0298
02/28/2012,3.7158,4.0407
02/29/2012,3.731,4.0517
03/01/2012,3.7383,4.0596
03/02/2012,3.741,4.0635
03/03/2012,3.7574,4.0708
03/04/2012,3.7637,4.0782
03/05/2012,3.7669,4.0826
03/06/2012,3.7636,4.0844
03/07/2012,3.7606,4.0869
03/08/2012,3.7575,4.0887
03/09/2012,3.758,4.0922
03/10/2012,3.778,4.0983
03/11/2012,3.7922,4.104
03/12/2012,3.8005,4.1097
03/13/2012,3.8049,4.1129
03/14/2012,3.8114,4.1165
03/15/2012,3.8211,4.122
03/16/2012,3.8305,4.1262
03/17/2012,3.8345,4.1288
03/18/2012,3.8378,4.1336
03/19/2012,3.8415,4.1381
03/20/2012,3.846,4.1416
03/21/2012,3.8642,4.1473
03/22/2012,3.8812,4.1525
03/23/2012,3.8892,4.1555
03/24/2012,3.8919,4.1558
03/25/2012,3.8938,4.1579
03/26/2012,3.8973,4.1594
03/27/2012,3.8982,4.1591
03/28/2012,3.9106,4.1594
03/29/2012,3.921,4.1622
03/30/2012,3.9251,4.1639
03/31/2012,3.9254,4.1636
04/01/2012,3.9248,4.1643
04/02/2012,3.9253,4.1642
04/03/2012,3.9231,4.1623
04/04/2012,3.9282,4.1639
04/05/2012,3.9357,4.1663
04/06/2012,3.9357,4.1663
04/07/2012,3.932,4.1655
04/08/2012,3.929,4.1655
04/09/2012,3.9272,4.165
04/10/2012,3.9216,4.1626
04/11/2012,3.9154,4.1605
04/12/2012,3.9067,4.157
04/13/2012,3.9006,4.1526
04/14/2012,3.9043,4.1492000000000004
04/15/2012,3.9065,4.1474
04/16/2012,3.9073,4.1465
04/17/2012,3.9041,4.1435
04/18/2012,3.8993,4.1405
04/19/2012,3.8913,4.1363
04/20/2012,3.8814,4.13
04/21/2012,3.8706,4.1229
04/22/2012,3.8631,4.1186
04/23/2012,3.858,4.1156
04/24/2012,3.8488,4.1114
04/25/2012,3.8397,4.1075
04/26/2012,3.83,4.1038
04/27/2012,3.826,4.0997
04/28/2012,3.8228,4.0979
04/29/2012,3.8188,4.0973
04/30/2012,3.8163,4.0975
05/01/2012,3.8092,4.0964
05/02/2012,3.8029,4.0952
05/03/2012,3.8027,4.0948
05/04/2012,3.8018,4.0936
05/05/2012,3.7923,4.0899
05/06/2012,3.7831,4.0865
05/07/2012,3.7765,4.0828
05/08/2012,3.7634,4.0769
05/09/2012,3.7499,4.0696
05/10/2012,3.7389,4.0601
05/11/2012,3.7337,4.0536
05/12/2012,3.7298,4.0471
05/13/2012,3.7281,4.044
05/14/2012,3.7273,4.0418
05/15/2012,3.7271,4.0367
05/16/2012,3.7276,4.0317
05/17/2012,3.7217,4.0247
05/18/2012,3.7126,4.0169
05/19/2012,3.7006,4.0072
05/20/2012,3.6904,4.0008
05/21/2012,3.6894,3.9961
05/22/2012,3.6795,3.9884
05/23/2012,3.678,3.9809
05/24/2012,3.6762,3.9735
05/25/2012,3.6659,3.9635
05/26/2012,3.6527,3.9536
05/27/2012,3.6453,3.9464
05/28/2012,3.6414,3.9411
05/29/2012,3.6357,3.9374
05/30/2012,3.6259,3.9335
05/31/2012,3.6199,3.928
06/01/2012,3.6106,3.9196
06/02/2012,3.5982,3.9087
06/03/2012,3.5896,3.9
06/04/2012,3.5845,3.8928
06/05/2012,3.5701,3.8826
06/06/2012,3.565,3.8717
06/07/2012,3.5598,3.8606
06/08/2012,3.555,3.8496
06/09/2012,3.5474,3.8402
06/10/2012,3.5418,3.8337
06/11/2012,3.5398,3.8278
06/12/2012,3.5421,3.8216
06/13/2012,3.539,3.8138
06/14/2012,3.5323,3.8048
06/15/2012,3.5236,3.795
06/16/2012,3.5151,3.7852
06/17/2012,3.5085,3.7791
06/18/2012,3.5051,3.7732
06/19/2012,3.4974,3.7684
06/20/2012,3.4867,3.7606
06/21/2012,3.4719,3.7499
06/22/2012,3.4543,3.7376
06/23/2012,3.4342,3.7245
06/24/2012,3.4203,3.7154
06/25/2012,3.4105,3.7087
06/26/2012,3.3969,3.6997
06/27/2012,3.383,3.6909
06/28/2012,3.3689,3.6809
06/29/2012,3.353,3.6698
06/30/2012,3.3369,3.6596
07/01/2012,3.33,3.6552
07/02/2012,3.3257,3.6522
07/03/2012,3.3293,3.6527
07/04/2012,3.3357,3.6539
07/05/2012,3.3384,3.655
07/06/2012,3.3583,3.6622
07/07/2012,3.3763,3.6712
07/08/2012,3.3812,3.6742
07/09/2012,3.3823,3.6746
07/10/2012,3.3806,3.6768
07/11/2012,3.3826,3.6795
07/12/2012,3.3836,3.682
07/13/2012,3.3879,3.6833
07/14/2012,3.3933,3.6843
07/15/2012,3.3958,3.6862
07/16/2012,3.3964,3.685
07/17/2012,3.4064,3.6895
07/18/2012,3.4256,3.6968
07/19/2012,3.4372,3.703
07/20/2012,3.4467,3.71
07/21/2012,3.4591,3.7244
07/22/2012,3.4667,3.7365
07/23/2012,3.4706,3.7438
07/24/2012,3.4765,3.7554
07/25/2012,3.4847,3.7632
07/26/2012,3.4896,3.7667
07/27/2012,3.4879,3.7683
07/28/2012,3.4846,3.7689
07/29/2012,3.4853,3.7692
07/30/2012,3.4859,3.7684
07/31/2012,3.4999,3.7735
08/01/2012,3.5208,3.7799
08/02/2012,3.5342,3.7855
08/03/2012,3.5673,3.7942
08/04/2012,3.595,3.8045
08/05/2012,3.6096,3.8115
08/06/2012,3.6187,3.8175
08/07/2012,3.6344,3.8293
08/08/2012,3.6472,3.8426
08/09/2012,3.6618,3.8596
08/10/2012,3.6729,3.8784
08/11/2012,3.6854,3.9007
08/12/2012,3.6919,3.9137
08/13/2012,3.6962,3.9212
08/14/2012,3.7021,3.931
08/15/2012,3.7086,3.9403
08/16/2012,3.7104,3.9482
08/17/2012,3.7163,3.9604
08/18/2012,3.7198,3.9732
08/19/2012,3.7198,3.9819
08/20/2012,3.7195,3.9883
08/21/2012,3.7172,3.9942
08/22/2012,3.7157,4.0004
08/23/2012,3.7178,4.0082
08/24/2012,3.7303,4.019
08/25/2012,3.7434,4.0294
08/26/2012,3.7476,4.0348
08/27/2012,3.7499,4.0392
08/28/2012,3.7555,4.0452
08/29/2012,3.8042,4.0627
08/30/2012,3.8256,4.0808
08/31/2012,3.8288,4.0904
09/01/2012,3.827,4.0952
09/02/2012,3.8266,4.0989
09/03/2012,3.8265,4.101
09/04/2012,3.8242,4.1022
09/05/2012,3.8238,4.1063
09/06/2012,3.823,4.1103
09/07/2012,3.8215,4.1125
09/08/2012,3.8215,4.1129
09/09/2012,3.8249,4.1145
09/10/2012,3.8277,4.1159
09/11/2012,3.8428,4.1161
09/12/2012,3.8581,4.1185
09/13/2012,3.8686,4.1211
09/14/2012,3.8708,4.1225
09/15/2012,3.8673,4.1239
09/16/2012,3.8643,4.1236
09/17/2012,3.8624,4.1247
09/18/2012,3.8589,4.1242
09/19/2012,3.8536,4.1227
09/20/2012,3.8456,4.1201
09/21/2012,3.8328,4.1137
09/22/2012,3.8211,4.1075
09/23/2012,3.8139,4.1041
09/24/2012,3.8083,4.1001
09/25/2012,3.8095,4.0973
09/26/2012,3.8052,4.0935
09/27/2012,3.7951,4.0897
09/28/2012,3.7874,4.0855
09/29/2012,3.7834,4.0838
09/30/2012,3.7827,4.0838
10/01/2012,3.7819,4.0838
10/02/2012,3.7797,4.0824
10/03/2012,3.7815,4.0833
10/04/2012,3.7836,4.0836
10/05/2012,3.7888,4.0825
10/06/2012,3.8062,4.0868
10/07/2012,3.8142,4.0932
10/08/2012,3.818,4.0987
10/09/2012,3.8153,4.1018
10/10/2012,3.813,4.1088
10/11/2012,3.813,4.1199
10/12/2012,3.8103,4.127
10/13/2012,3.8024,4.1327
10/14/2012,3.7936,4.1357
10/15/2012,3.7872,4.1361
10/16/2012,3.7727,4.1375
10/17/2012,3.7559,4.1376
10/18/2012,3.7371,4.1345
10/19/2012,3.7152,4.1313
10/20/2012,3.6917,4.1257
10/21/2012,3.6758,4.121
10/22/2012,3.6651,4.1174
10/23/2012,3.6476,4.1141
10/24/2012,3.6249,4.1061
10/25/2012,3.5993,4.0947
10/26/2012,3.5749,4.0829
10/27/2012,3.5537,4.0728
10/28/2012,3.5477,4.0661
10/29/2012,3.5433,4.0614
10/30/2012,3.534,4.0581
10/31/2012,3.5212,4.0527
11/01/2012,3.5071,4.0471
11/02/2012,3.4962,4.0436
11/03/2012,3.4834,4.0384
11/04/2012,3.4753,4.0337
11/05/2012,3.4703,4.0299
11/06/2012,3.4628,4.0247
11/07/2012,3.462,4.0207
11/08/2012,3.4637,4.0157
11/09/2012,3.4561,4.0111
11/10/2012,3.445,4.0065
11/11/2012,3.4394,4.0039
11/12/2012,3.4372,4.002
11/13/2012,3.4401,3.9997
11/14/2012,3.4428,3.9993
11/15/2012,3.4375,3.9968
11/16/2012,3.4295,3.9935
11/17/2012,3.4222,3.991
11/18/2012,3.4181,3.9925
11/19/2012,3.4156,3.9926
11/20/2012,3.4117,3.9953
11/21/2012,3.4261,4.0026
11/22/2012,3.4321,4.0099
11/23/2012,3.4311,4.0115
11/24/2012,3.4286,4.0136
11/25/2012,3.4261,4.0156
11/26/2012,3.4231,4.0156
11/27/2012,3.4194,4.0181
11/28/2012,3.4151,4.0198
11/29/2012,3.4094,4.0196
11/30/2012,3.4024,4.0174
12/01/2012,3.3955,4.0147
12/02/2012,3.3905,4.0121
12/03/2012,3.387,4.0101
12/04/2012,3.381,4.0094
12/05/2012,3.3804,4.0084
12/06/2012,3.3793,4.0055
12/07/2012,3.3713,4.0008
12/08/2012,3.3578,3.9935
12/09/2012,3.3469,3.9883
12/10/2012,3.3397,3.9818
12/11/2012,3.3284,3.9778
12/12/2012,3.3154,3.971
12/13/2012,3.3009,3.9611
12/14/2012,3.2864,3.9529
12/15/2012,3.2695,3.9444
12/16/2012,3.2567,3.9384
12/17/2012,3.2476,3.9337
12/18/2012,3.2363,3.9296
12/19/2012,3.2263,3.925
12/20/2012,3.2192,3.9204
12/21/2012,3.2324,3.9195
12/22/2012,3.2435,3.9182
12/23/2012,3.2464,3.9168
12/24/2012,3.2468,3.9148
12/25/2012,3.2473,3.9135
12/26/2012,3.2471,3.9143
12/27/2012,3.2605,3.9158
12/28/2012,3.2791,3.9166
12/29/2012,3.2891,3.9161
12/30/2012,3.2921,3.9165
12/31/2012,3.2917,3.9141
01/01/2013,3.292,3.9154
01/02/2013,3.2913,3.9153
01/03/2013,3.2916,3.9125
01/04/2013,3.2949,3.914
01/05/2013,3.2993,3.914
01/06/2013,3.2988,3.9126
01/07/2013,3.2974,3.9094
01/08/2013,3.2996,3.9096
01/09/2013,3.3037,3.9096
01/10/2013,3.3103,3.9086
01/11/2013,3.3131,3.9085
01/12/2013,3.3106,3.9057
01/13/2013,3.3065,3.9032
01/14/2013,3.3036,3.9005
01/15/2013,3.2974,3.9002
01/16/2013,3.2943,3.9011
01/17/2013,3.2918,3.8995
01/18/2013,3.2929,3.8969
01/19/2013,3.3012,3.8963
01/20/2013,3.3037,3.8948
01/21/2013,3.3053,3.894
01/22/2013,3.3101,3.8949
01/23/2013,3.3158,3.8978
01/24/2013,3.3213,3.9004
01/25/2013,3.3313,3.9029
01/26/2013,3.3411,3.9059
01/27/2013,3.3465,3.9082
01/28/2013,3.349,3.9088
01/29/2013,3.3635,3.9137
01/30/2013,3.3935,3.9205
01/31/2013,3.4227,3.9304
02/01/2013,3.4621,3.9436
02/02/2013,3.4973,3.9557
02/03/2013,3.5137,3.9673
02/04/2013,3.5231,3.9753
02/05/2013,3.533,3.985
02/06/2013,3.5456,3.9965
02/07/2013,3.5549,4.0077
02/08/2013,3.5671,4.019
02/09/2013,3.5776,4.0295
02/10/2013,3.5822,4.0378
02/11/2013,3.5865,4.0476
02/12/2013,3.6035,4.0616
02/13/2013,3.6176,4.0747
02/14/2013,3.6284,4.087
02/15/2013,3.6433,4.0984
02/16/2013,3.685,4.1113
02/17/2013,3.7137,4.1209
02/18/2013,3.7303,4.1278
02/19/2013,3.7484,4.1312
02/20/2013,3.7656,4.1368
02/21/2013,3.7778,4.1419
02/22/2013,3.7814,4.1448
02/23/2013,3.7798,4.1457
02/24/2013,3.7769,4.145
02/25/2013,3.7766,4.1438
02/26/2013,3.7822,4.1436
02/27/2013,3.7863,4.1439
02/28/2013,3.7824,4.1421
03/01/2013,3.7714,4.1361
03/02/2013,3.7588,4.1304
03/03/2013,3.7507,4.1259
03/04/2013,3.7462,4.1231
03/05/2013,3.7366,4.1169
03/06/2013,3.7268,4.1113
03/07/2013,3.7192,4.1057
03/08/2013,3.7115,4.1008
03/09/2013,3.7029,4.0953
03/10/2013,3.6977,4.0911
03/11/2013,3.6958,4.0898
03/12/2013,3.7026,4.0866
03/13/2013,3.7058,4.0827
03/14/2013,3.701,4.0776
03/15/2013,3.6946,4.072
03/16/2013,3.6888,4.0664
03/17/2013,3.6857,4.0628
03/18/2013,3.6845,4.0591
03/19/2013,3.6924,4.0557
03/20/2013,3.6967,4.0526
03/21/2013,3.6909,4.0472
03/22/2013,3.6856,4.0417
03/23/2013,3.6772,4.0357
03/24/2013,3.6705,4.0304
03/25/2013,3.667,4.0268
03/26/2013,3.658,4.0228
03/27/2013,3.6496,4.0181
03/28/2013,3.6448,4.0135
03/29/2013,3.6422,4.01
03/30/2013,3.6388,4.0093
03/31/2013,3.6356,4.0083
04/01/2013,3.634,4.0069
04/02/2013,3.6366,4.0061
04/03/2013,3.6399,4.007
04/04/2013,3.6357,4.0069
04/05/2013,3.6252,4.0042
04/06/2013,3.6109,3.9995
04/07/2013,3.6006,3.9954
04/08/2013,3.5931,3.9908
04/09/2013,3.5825,3.9869
04/10/2013,3.5719,3.9828
04/11/2013,3.5636,3.9789
04/12/2013,3.5576,3.9753
04/13/2013,3.5405,3.9672
04/14/2013,3.5315,3.9637
04/15/2013,3.5255,3.959
04/16/2013,3.5216,3.9543
04/17/2013,3.5193,3.9485
04/18/2013,3.5124,3.9409
04/19/2013,3.5056,3.9318
04/20/2013,3.5129,3.9236
04/21/2013,3.5172,3.9181
04/22/2013,3.5177,3.913
04/23/2013,3.5154,3.9084
04/24/2013,3.5157,3.9039
04/25/2013,3.5119,3.8971
04/26/2013,3.5051,3.8904
04/27/2013,3.5019,3.8856
04/28/2013,3.5002,3.883
04/29/2013,3.5004,3.8798
04/30/2013,3.5082,3.8796
05/01/2013,3.5221,3.8821
05/02/2013,3.5248,3.8808
05/03/2013,3.5215,3.8775
05/04/2013,3.5201,3.8755
05/05/2013,3.5199,3.8743
05/06/2013,3.521,3.8727
05/07/2013,3.5248,3.8726
05/08/2013,3.5389,3.8757
05/09/2013,3.549,3.8793
05/10/2013,3.56,3.8813
05/11/2013,3.5717,3.8827
05/12/2013,3.5762,3.8837
05/13/2013,3.579,3.8831
05/14/2013,3.5817,3.8841
05/15/2013,3.5877,3.8841
05/16/2013,3.6005,3.8838
05/17/2013,3.6176,3.8835
05/18/2013,3.6397,3.8842
05/19/2013,3.6486,3.8845
05/20/2013,3.6525,3.8846
05/21/2013,3.654,3.8858
05/22/2013,3.6602,3.8878
05/23/2013,3.6592,3.8887
05/24/2013,3.651,3.8863
05/25/2013,3.6406,3.8837
05/26/2013,3.6344,3.8818
05/27/2013,3.631,3.881
05/28/2013,3.6261,3.8789
05/29/2013,3.6212,3.8776
05/30/2013,3.6186,3.877
05/31/2013,3.6121,3.8743
06/01/2013,3.6046,3.8711
06/02/2013,3.6173,3.8693
06/03/2013,3.6227,3.8672
06/04/2013,3.6187,3.8642
06/05/2013,3.6174,3.8628
06/06/2013,3.6299,3.8615
06/07/2013,3.6332,3.8599
06/08/2013,3.6328,3.8582
06/09/2013,3.6323,3.8566
06/10/2013,3.6345,3.8556
06/11/2013,3.6327,3.856
06/12/2013,3.6339,3.8552
06/13/2013,3.6321,3.8539
06/14/2013,3.6252,3.8527
06/15/2013,3.6182,3.8524
06/16/2013,3.6139,3.852
06/17/2013,3.6113,3.85
06/18/2013,3.6071,3.8518
06/19/2013,3.6028,3.8525
06/20/2013,3.5975,3.852
06/21/2013,3.5923,3.8522
06/22/2013,3.5821,3.8501
06/23/2013,3.5728,3.8484
06/24/2013,3.5665,3.8461
06/25/2013,3.5537,3.8433
06/26/2013,3.5412,3.8406
06/27/2013,3.5276,3.8366
06/28/2013,3.5139,3.8313
06/29/2013,3.5007,3.8277
06/30/2013,3.4918,3.825
07/01/2013,3.4866,3.8229
07/02/2013,3.4781,3.8207
07/03/2013,3.4769,3.8186
07/04/2013,3.4774,3.8166
07/05/2013,3.4762,3.8158
07/06/2013,3.4743,3.8153
07/07/2013,3.4742,3.8162
07/08/2013,3.4743,3.8167
07/09/2013,3.483,3.8195
07/10/2013,3.5011,3.8244
07/11/2013,3.5183,3.8291
07/12/2013,3.5504,3.836
07/13/2013,3.582,3.8417
07/14/2013,3.6002,3.8453
07/15/2013,3.6126,3.8483
07/16/2013,3.6353,3.8543
07/17/2013,3.6568,3.8599
07/18/2013,3.6685,3.8646
07/19/2013,3.672,3.8684
07/20/2013,3.6719,3.8724
07/21/2013,3.6711,3.8755
07/22/2013,3.6707,3.877
07/23/2013,3.6655,3.8793
07/24/2013,3.6604,3.8814
07/25/2013,3.6546,3.882
07/26/2013,3.6478,3.8828
07/27/2013,3.639,3.8825
07/28/2013,3.6338,3.8825
07/29/2013,3.6305,3.8811
07/30/2013,3.6241,3.8811
07/31/2013,3.6274,3.8809
08/01/2013,3.6297,3.8815
08/02/2013,3.6259,3.8815
08/03/2013,3.621,3.8814
08/04/2013,3.6169,3.8835
08/05/2013,3.6143,3.8834
08/06/2013,3.6081,3.8835
08/07/2013,3.5995,3.8846
08/08/2013,3.5892,3.8832
08/09/2013,3.5766,3.881
08/10/2013,3.5628,3.8783
08/11/2013,3.5545,3.8751
08/12/2013,3.5488,3.873
08/13/2013,3.5419,3.8716
08/14/2013,3.5386,3.8713
08/15/2013,3.5391,3.8702
08/16/2013,3.5413,3.87
08/17/2013,3.5415,3.8713
08/18/2013,3.5395,3.8716
08/19/2013,3.5384,3.8718
08/20/2013,3.5369,3.874
08/21/2013,3.5333,3.8758
08/22/2013,3.5335,3.8772
08/23/2013,3.5364,3.8784
08/24/2013,3.541,3.8808
08/25/2013,3.5408,3.8834
08/26/2013,3.5407,3.8844
08/27/2013,3.5421,3.8881
08/28/2013,3.5459,3.8925
08/29/2013,3.5642,3.9021
08/30/2013,3.5854,3.9155
08/31/2013,3.5928,3.9272
09/01/2013,3.5937,3.9327
09/02/2013,3.5936,3.9345
09/03/2013,3.5911,3.9354
09/04/2013,3.5888,3.9398
09/05/2013,3.5868,3.943
09/06/2013,3.5839,3.9447
09/07/2013,3.5777,3.9451
09/08/2013,3.5712,3.944
09/09/2013,3.5704,3.944
09/10/2013,3.5641,3.9455
09/11/2013,3.5575,3.9469
09/12/2013,3.5495,3.9457
09/13/2013,3.5401,3.9445
09/14/2013,3.5308,3.9434
09/15/2013,3.5226,3.942
09/16/2013,3.5174,3.9418
09/17/2013,3.5122,3.9409
09/18/2013,3.5055,3.9411
09/19/2013,3.4943,3.938
09/20/2013,3.4914,3.9349
09/21/2013,3.4858,3.9313
09/22/2013,3.4786,3.9291
09/23/2013,3.4724,3.9258
09/24/2013,3.4606,3.9229
09/25/2013,3.4466,3.9197
09/26/2013,3.4335,3.9155
09/27/2013,3.422,3.9111
09/28/2013,3.4116,3.9073
09/29/2013,3.4049,3.9047
09/30/2013,3.3994,3.9006
10/01/2013,3.3926,3.8995
10/02/2013,3.3854,3.8979
10/03/2013,3.3755,3.8938
10/04/2013,3.3658,3.8902
10/05/2013,3.3569,3.887
10/06/2013,3.3504,3.8849
10/07/2013,3.3457,3.8822
10/08/2013,3.3486,3.8815
10/09/2013,3.3535,3.8813
10/10/2013,3.3505,3.8784
10/11/2013,3.3454,3.8765
10/12/2013,3.3451,3.8774
10/13/2013,3.3441,3.877
10/14/2013,3.3425,3.8746
10/15/2013,3.3466,3.8762
10/16/2013,3.3573,3.8781
10/17/2013,3.3603,3.8779
10/18/2013,3.3599,3.8765
10/19/2013,3.356,3.8754
10/20/2013,3.3525,3.8747
10/21/2013,3.3516,3.8777
10/22/2013,3.3435,3.8722
10/23/2013,3.3386,3.8727
10/24/2013,3.3285,3.8706
10/25/2013,3.3153,3.8675
10/26/2013,3.3018,3.8633
10/27/2013,3.2925,3.86
10/28/2013,3.2849,3.8555
10/29/2013,3.2777,3.8545
10/30/2013,3.2786,3.8542
10/31/2013,3.2792,3.8523
11/01/2013,3.2748,3.8505
11/02/2013,3.266,3.8492
11/03/2013,3.2575,3.8468
11/04/2013,3.2518,3.8409
11/05/2013,3.24,3.8381
11/06/2013,3.2318,3.8396
11/07/2013,3.2216,3.8364
11/08/2013,3.2112,3.8318
11/09/2013,3.1992,3.8277
11/10/2013,3.1918,3.8248
11/11/2013,3.1855,3.8205
11/12/2013,3.1794,3.819
11/13/2013,3.1863,3.819
11/14/2013,3.1942,3.8179
11/15/2013,3.1988,3.8164
11/16/2013,3.2058,3.8159
11/17/2013,3.2076,3.8147
11/18/2013,3.2079,3.8121
11/19/2013,3.2089,3.8142
11/20/2013,3.2118,3.8148
11/21/2013,3.2201,3.8152
11/22/2013,3.2354,3.8163
11/23/2013,3.2622,3.8209
11/24/2013,3.2746,3.826
11/25/2013,3.28,3.8285
11/26/2013,3.2855,3.8365
11/27/2013,3.287,3.8426
11/28/2013,3.2829,3.8461
11/29/2013,3.2788,3.8454
11/30/2013,3.2743,3.8455
12/01/2013,3.2715,3.8477
12/02/2013,3.2676,3.8459
12/03/2013,3.2631,3.8481
12/04/2013,3.2569,3.8511
12/05/2013,3.2519,3.8517
12/06/2013,3.2587,3.8534
12/07/2013,3.263,3.8558
12/08/2013,3.2641,3.8571
12/09/2013,3.2628,3.8535
12/10/2013,3.2587,3.8541
12/11/2013,3.2565,3.8554
12/12/2013,3.2533,3.855
12/13/2013,3.248,3.8542
12/14/2013,3.2392,3.8523
12/15/2013,3.2334,3.8504
12/16/2013,3.2284,3.8472
12/17/2013,3.2216,3.8461
12/18/2013,3.216,3.847
12/19/2013,3.2117,3.8463
12/20/2013,3.222,3.8456
12/21/2013,3.2357,3.8458
12/22/2013,3.2441,3.847
12/23/2013,3.25,3.847
12/24/2013,3.2583,3.8511
12/25/2013,3.264,3.855
12/26/2013,3.2677,3.8551
12/27/2013,3.2831,3.8554
12/28/2013,3.3021,3.8614
12/29/2013,3.309,3.8636
12/30/2013,3.3121,3.8631
12/31/2013,3.3175,3.8685
01/01/2014,3.3229,3.8728
01/02/2014,3.3249,3.8736
01/03/2014,3.326,3.8755
01/04/2014,3.3221,3.8762
01/05/2014,3.3169,3.8737
01/06/2014,3.3165,3.8719
01/07/2014,3.3142,3.8746
01/08/2014,3.3103,3.8746
01/09/2014,3.3071,3.8732
01/10/2014,3.3117,3.8719
01/11/2014,3.3148,3.8697
01/12/2014,3.3129,3.8676
01/13/2014,3.3115,3.864
01/14/2014,3.308,3.8648
01/15/2014,3.3057,3.8645
01/16/2014,3.3016,3.8618
01/17/2014,3.2964,3.8602
01/18/2014,3.2907,3.8583
01/19/2014,3.2865,3.8571
01/20/2014,3.2837,3.8533
01/21/2014,3.2793,3.8559
01/22/2014,3.2831,3.859
01/23/2014,3.2868,3.858
01/24/2014,3.2879,3.8593
01/25/2014,3.2868,3.8648
01/26/2014,3.2851,3.8685
01/27/2014,3.2822,3.8677
01/28/2014,3.2786,3.8755
01/29/2014,3.2765,3.8832
01/30/2014,3.2748,3.8904
01/31/2014,3.2777,3.8951
02/01/2014,3.2814,3.8994
02/02/2014,3.2801,3.9035
02/03/2014,3.2786,3.9057
02/04/2014,3.2744,3.9113
02/05/2014,3.2724,3.917
02/06/2014,3.2703,3.9196
02/07/2014,3.2686,3.9221
02/08/2014,3.2697,3.9281
02/09/2014,3.2837,3.932
02/10/2014,3.2939,3.9331
02/11/2014,3.3066,3.9399
02/12/2014,3.3171,3.9434
02/13/2014,3.3269,3.9532
02/14/2014,3.3351,3.9586
02/15/2014,3.3381,3.9563
02/16/2014,3.3515,3.9581
02/17/2014,3.3581,3.9612
02/18/2014,3.3661,3.962
02/19/2014,3.3748,3.966
02/20/2014,3.3834,3.9715
02/21/2014,3.3892,3.9785
02/22/2014,3.394,3.9845
02/23/2014,3.4093,3.9888
02/24/2014,3.4193,3.9918
02/25/2014,3.4256,3.9965
02/26/2014,3.4317,3.9988
02/27/2014,3.4355,4.0015
02/28/2014,3.4477,4.0026
03/01/2014,3.4541,4.0034
03/02/2014,3.4558,4.0037
03/03/2014,3.4587,4.004
03/04/2014,3.4596,4.0069
03/05/2014,3.4641,4.0086
03/06/2014,3.4736,4.0104
03/07/2014,3.4836,4.012
03/08/2014,3.4878,4.0111
03/09/2014,3.4879,4.0106
03/10/2014,3.4892,4.009
03/11/2014,3.4875,4.0103
03/12/2014,3.4902,4.0098
03/13/2014,3.5035,4.0082
03/14/2014,3.5133,4.0065
03/15/2014,3.5159,4.0051
03/16/2014,3.5174,4.0035
03/17/2014,3.5206,4.0003
03/18/2014,3.5241,4.0006
03/19/2014,3.5279,3.9987
03/20/2014,3.5281,3.9951
03/21/2014,3.5251,3.993
03/22/2014,3.5229,3.9903
03/23/2014,3.5253,3.9885
03/24/2014,3.5294,3.9837
03/25/2014,3.5307,3.9832
03/26/2014,3.5353,3.9826
03/27/2014,3.5362,3.98
03/28/2014,3.5373,3.9778
03/29/2014,3.5406,3.9763
03/30/2014,3.548,3.9749
03/31/2014,3.5548,3.9715
04/01/2014,3.5563,3.9726
04/02/2014,3.5611,3.973
04/03/2014,3.5662,3.9713
04/04/2014,3.5702,3.9691
04/05/2014,3.5744,3.9674
04/06/2014,3.5771,3.9656
04/07/2014,3.579,3.9634
04/08/2014,3.5863,3.9634
04/09/2014,3.6008,3.9633
04/10/2014,3.612,3.9618
04/11/2014,3.623,3.9615
04/12/2014,3.6317,3.9609
04/13/2014,3.6352,3.959
04/14/2014,3.6375,3.957
04/15/2014,3.6434,3.9584
04/16/2014,3.653,3.9598
04/17/2014,3.6573,3.9601
04/18/2014,3.6627,3.9606
04/19/2014,3.6672,3.9617
04/20/2014,3.668,3.9613
04/21/2014,3.6686,3.9594
04/22/2014,3.6665,3.9614
04/23/2014,3.6734,3.9638
04/24/2014,3.6851,3.965
04/25/2014,3.6929,3.9659
04/26/2014,3.6954,3.9665
04/27/2014,3.6958,3.9659
04/28/2014,3.6964,3.9637
04/29/2014,3.6933,3.9655
04/30/2014,3.6907,3.9657
05/01/2014,3.6872,3.9635
05/02/2014,3.6831,3.9618
05/03/2014,3.6787,3.96
05/04/2014,3.6752,3.9582
05/05/2014,3.6733,3.9554
05/06/2014,3.6672,3.9554
05/07/2014,3.6655,3.9545
05/08/2014,3.6653,3.951
05/09/2014,3.663,3.9487
05/10/2014,3.6579,3.9466
05/11/2014,3.6543,3.9443
05/12/2014,3.6519,3.94
05/13/2014,3.6437,3.9407
05/14/2014,3.6395,3.94
05/15/2014,3.6406,3.9388
05/16/2014,3.6475,3.9369
05/17/2014,3.6473,3.9345
05/18/2014,3.6461,3.9326
05/19/2014,3.6462,3.9298
05/20/2014,3.6424,3.9303
05/21/2014,3.6415,3.9305
05/22/2014,3.649,3.9289
05/23/2014,3.6561,3.9279
05/24/2014,3.6564,3.9268
05/25/2014,3.6559,3.9255
05/26/2014,3.6572,3.9222
05/27/2014,3.6539,3.9209
05/28/2014,3.65,3.9234
05/29/2014,3.6512,3.924
05/30/2014,3.661,3.9223
05/31/2014,3.6681,3.9213
06/01/2014,3.6688,3.9193
06/02/2014,3.6693,3.9166
06/03/2014,3.6652,3.9163
06/04/2014,3.6625,3.9161
06/05/2014,3.6597,3.9135
06/06/2014,3.658,3.9096
06/07/2014,3.6562,3.9071
06/08/2014,3.6536,3.9052
06/09/2014,3.6531,3.9013
06/10/2014,3.6462,3.8998
06/11/2014,3.6441,3.8997
06/12/2014,3.6467,3.897
06/13/2014,3.6487,3.8953
06/14/2014,3.6568,3.8947
06/15/2014,3.6611,3.8933
06/16/2014,3.6617,3.8901
06/17/2014,3.6642,3.8918
06/18/2014,3.6693,3.8943
06/19/2014,3.6748,3.8948
06/20/2014,3.6787,3.8965
06/21/2014,3.6812,3.898
06/22/2014,3.682,3.8991
06/23/2014,3.6833,3.8975
06/24/2014,3.6812,3.9006
06/25/2014,3.681,3.9041
06/26/2014,3.6839,3.9048
06/27/2014,3.6845,3.9055
06/28/2014,3.6811,3.9059
06/29/2014,3.6775,3.9054
06/30/2014,3.6756,3.902
07/01/2014,3.6718,3.9026
07/02/2014,3.6701,3.9032
07/03/2014,3.6672,3.9023
07/04/2014,3.6626,3.9013
07/05/2014,3.6599,3.8999
07/06/2014,3.6564,3.8966
07/07/2014,3.6545,3.8953
07/08/2014,3.6489,3.8954
07/09/2014,3.6448,3.895
07/10/2014,3.6385,3.8925
07/11/2014,3.6312,3.8897
07/12/2014,3.6231,3.8862
07/13/2014,3.6172,3.8832
07/14/2014,3.614,3.8799
07/15/2014,3.6049,3.8786
07/16/2014,3.598,3.8775
07/17/2014,3.5902,3.8739
07/18/2014,3.588,3.8705
07/19/2014,3.5838,3.8682
07/20/2014,3.5784,3.8653
07/21/2014,3.5742,3.8607
07/22/2014,3.5648,3.859
07/23/2014,3.558,3.8584
07/24/2014,3.5504,3.8564
07/25/2014,3.5427,3.8531
07/26/2014,3.5332,3.8499
07/27/2014,3.5268,3.8474
07/28/2014,3.5226,3.8442
07/29/2014,3.5148,3.8431
07/30/2014,3.5134,3.8442
07/31/2014,3.517,3.843
08/01/2014,3.5165,3.8417
08/02/2014,3.51,3.8403
08/03/2014,3.5038,3.8378
08/04/2014,3.4997,3.8354
08/05/2014,3.4903,3.8344
08/06/2014,3.4827,3.8339
08/07/2014,3.475,3.8309
08/08/2014,3.4748,3.829
08/09/2014,3.4768,3.8276
08/10/2014,3.4783,3.8264
08/11/2014,3.4784,3.8242
08/12/2014,3.4743,3.8243
08/13/2014,3.4727,3.8249
08/14/2014,3.4707,3.8232
08/15/2014,3.4684,3.8227
08/16/2014,3.4624,3.8212
08/17/2014,3.4568,3.8191
08/18/2014,3.4536,3.8163
08/19/2014,3.4464,3.8156
08/20/2014,3.4407,3.8155
08/21/2014,3.4355,3.8129
08/22/2014,3.4372,3.8104
08/23/2014,3.439,3.8082
08/24/2014,3.4369,3.8073
08/25/2014,3.4349,3.8051
08/26/2014,3.4312,3.8048
08/27/2014,3.4314,3.8055
08/28/2014,3.4343,3.804
08/29/2014,3.4359,3.8032
08/30/2014,3.434,3.8029
08/31/2014,3.4358,3.8015
09/01/2014,3.4372,3.7997
09/02/2014,3.4341,3.7987
09/03/2014,3.4326,3.7998
09/04/2014,3.4322,3.8008
09/05/2014,3.4369,3.7995
09/06/2014,3.4416,3.7994
09/07/2014,3.4402,3.7985
09/08/2014,3.4384,3.7963
09/09/2014,3.4335,3.7954
09/10/2014,3.4281,3.7954
09/11/2014,3.4217,3.7932
09/12/2014,3.4132,3.79
09/13/2014,3.4029,3.7862
09/14/2014,3.3953,3.7836
09/15/2014,3.3897,3.7803
09/16/2014,3.381,3.777
09/17/2014,3.373,3.7748
09/18/2014,3.3641,3.7702
09/19/2014,3.3557,3.7663
09/20/2014,3.3481,3.7629
09/21/2014,3.3428,3.7606
09/22/2014,3.3381,3.7567
09/23/2014,3.3404,3.7542
09/24/2014,3.3442,3.7533
09/25/2014,3.3452,3.7499
09/26/2014,3.3443,3.7467
09/27/2014,3.3427,3.7435
09/28/2014,3.3399,3.7411
09/29/2014,3.3368,3.7381
09/30/2014,3.3333,3.7361
10/01/2014,3.3328,3.736
10/02/2014,3.3281,3.7326
10/03/2014,3.3196,3.7289
10/04/2014,3.3072,3.7242
10/05/2014,3.2971,3.7201
10/06/2014,3.289,3.7146
10/07/2014,3.2785,3.712
10/08/2014,3.2673,3.7091
10/09/2014,3.2538,3.7031
10/10/2014,3.2396,3.696
10/11/2014,3.2215,3.6887
10/12/2014,3.2084,3.6831
10/13/2014,3.1989,3.6762
10/14/2014,3.1858,3.6718
10/15/2014,3.1771,3.6676
10/16/2014,3.1634,3.6592
10/17/2014,3.1438,3.6507
10/18/2014,3.1251,3.643
10/19/2014,3.113,3.6371000000000002
10/20/2014,3.1005,3.6324
10/21/2014,3.0939,3.6314
10/22/2014,3.0863,3.6312
10/23/2014,3.0795,3.6286
10/24/2014,3.0716,3.6241
10/25/2014,3.0594,3.6192
10/26/2014,3.0505,3.6158
10/27/2014,3.043,3.612
10/28/2014,3.0341,3.609
10/29/2014,3.0227,3.6065
10/30/2014,3.0101,3.6019
10/31/2014,3.0033,3.5987
11/01/2014,2.995,3.5964
11/02/2014,2.9874,3.5972
11/03/2014,2.9802,3.5961
11/04/2014,2.9725,3.5991
11/05/2014,2.9627,3.6022
11/06/2014,2.9547,3.6041
11/07/2014,2.9473,3.6091
11/08/2014,2.9396,3.6201
11/09/2014,2.9331,3.6268
11/10/2014,2.927,3.6302
11/11/2014,2.9262,3.6367
11/12/2014,2.9226,3.6403
11/13/2014,2.9169,3.6409
11/14/2014,2.914,3.6398
11/15/2014,2.9031,3.633
11/16/2014,2.8931,3.6275
11/17/2014,2.885,3.622
11/18/2014,2.875,3.6194
11/19/2014,2.8631,3.6146
11/20/2014,2.8504,3.6083
11/21/2014,2.8392,3.6027
11/22/2014,2.8278,3.5982
11/23/2014,2.8197,3.5937
11/24/2014,2.8131,3.5892
11/25/2014,2.8125,3.5873
11/26/2014,2.8097,3.5852
11/27/2014,2.7994,3.5813
11/28/2014,2.7923,3.579
11/29/2014,2.7818,3.5722
11/30/2014,2.7755,3.5703
12/01/2014,2.7692,3.5667
12/02/2014,2.7597,3.5632
12/03/2014,2.7461,3.5559
12/04/2014,2.7284,3.5429
12/05/2014,2.7109,3.5288
12/06/2014,2.6924,3.5158
12/07/2014,2.6789,3.5063
12/08/2014,2.6683,3.4967
12/09/2014,2.6545,3.4869
12/10/2014,2.6387,3.4756
12/11/2014,2.621,3.4599
12/12/2014,2.5999,3.4428
12/13/2014,2.5769,3.4239
12/14/2014,2.5588,3.4106
12/15/2014,2.5454,3.3998
12/16/2014,2.5259,3.3841
12/17/2014,2.5046,3.3668
12/18/2014,2.4769,3.3414
12/19/2014,2.4535,3.319
12/20/2014,2.4276,3.2967
12/21/2014,2.4087,3.2804
12/22/2014,2.3944,3.2653
12/23/2014,2.3757,3.2494
12/24/2014,2.3535,3.2337
12/25/2014,2.3342,3.2177
12/26/2014,2.3238,3.2082
12/27/2014,2.3069,3.195
12/28/2014,2.2969,3.1884
12/29/2014,2.2871,3.1791
12/30/2014,2.2733,3.1673
12/31/2014,2.2567,3.153
01/01/2015,2.2398,3.1372
01/02/2015,2.2305,3.1276
01/03/2015,2.2167,3.1129
01/04/2015,2.2086,3.1066
01/05/2015,2.1994,3.0976
01/06/2015,2.1943,3.0855
01/07/2015,2.1912,3.0721
01/08/2015,2.1818,3.0562
01/09/2015,2.1683,3.0404
01/10/2015,2.1517,3.0225
01/11/2015,2.1392,3.0108
01/12/2015,2.1299,3.0013
01/13/2015,2.117,2.9867
01/14/2015,2.1008,2.9724
01/15/2015,2.0847,2.9557
01/16/2015,2.0821,2.9388
01/17/2015,2.0759,2.9233
01/18/2015,2.068,2.9131
01/19/2015,2.061,2.9047
01/20/2015,2.0537,2.8934
01/21/2015,2.0484,2.885
01/22/2015,2.0414,2.8727
01/23/2015,2.0384,2.8617
01/24/2015,2.0366,2.8515
01/25/2015,2.0347,2.8444
01/26/2015,2.0326,2.8362
01/27/2015,2.0376,2.8306
01/28/2015,2.0385,2.8231
01/29/2015,2.0438,2.8164
01/30/2015,2.0513,2.8101
01/31/2015,2.0541,2.8043
02/01/2015,2.0557,2.8004
02/02/2015,2.056,2.7969
02/03/2015,2.067,2.7928
02/04/2015,2.1113,2.7956
02/05/2015,2.1512,2.8019
02/06/2015,2.1657,2.8046
02/07/2015,2.1721,2.8052
02/08/2015,2.1753,2.8059
02/09/2015,2.1771,2.8036
02/10/2015,2.1852,2.8055
02/11/2015,2.2131,2.8109
02/12/2015,2.2309,2.8145
02/13/2015,2.2388,2.8163
02/14/2015,2.2464,2.8221
02/15/2015,2.25,2.8259
02/16/2015,2.2516,2.828
02/17/2015,2.2588,2.8354
02/18/2015,2.2676,2.8451
02/19/2015,2.2733,2.8502
02/20/2015,2.2758,2.8539
02/21/2015,2.2803,2.8578
02/22/2015,2.2935,2.863
02/23/2015,2.3015,2.8655
02/24/2015,2.3124,2.8746
02/25/2015,2.328,2.8841
02/26/2015,2.3434,2.8873
02/27/2015,2.3735,2.8933
02/28/2015,2.3961,2.8992
03/01/2015,2.4141,2.9048
03/02/2015,2.4267,2.9097
03/03/2015,2.4412,2.9152
03/04/2015,2.4506,2.9207
03/05/2015,2.4548,2.9238
03/06/2015,2.4576,2.9261
03/07/2015,2.4579,2.9261
03/08/2015,2.4543,2.9237
03/09/2015,2.4527,2.9216
03/10/2015,2.4481,2.9204
03/11/2015,2.4472,2.9186
03/12/2015,2.445,2.916
03/13/2015,2.4402,2.9132
03/14/2015,2.4346,2.9089
03/15/2015,2.4289,2.9057
03/16/2015,2.4241,2.8991
03/17/2015,2.4154,2.8949
03/18/2015,2.4192,2.8896
03/19/2015,2.4248,2.8823
03/20/2015,2.426,2.8775
03/21/2015,2.4239,2.8724
03/22/2015,2.4237,2.869
03/23/2015,2.4236,2.8647
03/24/2015,2.4192,2.8601
03/25/2015,2.4214,2.8568
03/26/2015,2.4239,2.8528
03/27/2015,2.427,2.8474
03/28/2015,2.4265,2.8441
03/29/2015,2.4222,2.8414
03/30/2015,2.4198,2.838
03/31/2015,2.4137,2.8338
04/01/2015,2.4073,2.829
04/02/2015,2.4007,2.8243
04/03/2015,2.3992,2.82
04/04/2015,2.3951,2.8148
04/05/2015,2.391,2.8115
04/06/2015,2.3878,2.8072
04/07/2015,2.3821,2.8028
04/08/2015,2.388,2.8009
04/09/2015,2.3986,2.798
04/10/2015,2.3982,2.794
04/11/2015,2.3933,2.7899
04/12/2015,2.3896,2.7878
04/13/2015,2.3882,2.7848
04/14/2015,2.3864,2.7821
04/15/2015,2.3924,2.7811
04/16/2015,2.4076,2.7789
04/17/2015,2.4288,2.7812
04/18/2015,2.4455,2.7846
04/19/2015,2.4518,2.7865
04/20/2015,2.4568,2.7867
04/21/2015,2.4637,2.7897
04/22/2015,2.4795,2.7927
04/23/2015,2.4906,2.794
04/24/2015,2.5055,2.7969
04/25/2015,2.5238,2.8
04/26/2015,2.532,2.8018
04/27/2015,2.5364,2.8038
04/28/2015,2.547,2.8069
04/29/2015,2.563,2.8101
04/30/2015,2.5804,2.8132
05/01/2015,2.5975,2.817
05/02/2015,2.6074,2.821
05/03/2015,2.6147,2.8235
05/04/2015,2.6196,2.8239
05/05/2015,2.628,2.8279
05/06/2015,2.6383,2.8332
05/07/2015,2.6507,2.839
05/08/2015,2.6592,2.8451
05/09/2015,2.6597,2.8484
05/10/2015,2.6584,2.85
05/11/2015,2.6588,2.8514
05/12/2015,2.6577,2.8517
05/13/2015,2.6676,2.8547
05/14/2015,2.6789,2.8598
05/15/2015,2.6903,2.8645
05/16/2015,2.6993,2.8692
05/17/2015,2.7023,2.8727
05/18/2015,2.705,2.874
05/19/2015,2.7073,2.8759
05/20/2015,2.7221,2.8802
05/21/2015,2.7311,2.8821
05/22/2015,2.7352,2.8834
05/23/2015,2.7382,2.8844
05/24/2015,2.7382,2.8868
05/25/2015,2.74,2.8873
05/26/2015,2.7384,2.8856
05/27/2015,2.7385,2.8861
05/28/2015,2.7393,2.8863
05/29/2015,2.7355,2.8846
05/30/2015,2.731,2.8826
05/31/2015,2.7397,2.8827
06/01/2015,2.7458,2.8824
06/02/2015,2.7501,2.8817
06/03/2015,2.7565,2.8829
06/04/2015,2.7587,2.8823
06/05/2015,2.7583,2.8812
06/06/2015,2.7539,2.8783
06/07/2015,2.7507,2.8772
06/08/2015,2.7496,2.8764
06/09/2015,2.7449,2.8729
06/10/2015,2.7455,2.8715
06/11/2015,2.7608,2.8697
06/12/2015,2.785,2.8698
06/13/2015,2.7983,2.8686
06/14/2015,2.8015,2.8685
06/15/2015,2.8039,2.8677
06/16/2015,2.803,2.866
06/17/2015,2.8021,2.8656
06/18/2015,2.8014,2.8645
06/19/2015,2.7985,2.8628
06/20/2015,2.7951,2.8616
06/21/2015,2.7922,2.8611
06/22/2015,2.7925,2.8603
06/23/2015,2.788,2.8574
06/24/2015,2.7794,2.8559
06/25/2015,2.7815,2.8542
06/26/2015,2.7829,2.8521
06/27/2015,2.779,2.8496
06/28/2015,2.7751,2.8586
06/29/2015,2.7735,2.848
06/30/2015,2.7676,2.8447
07/01/2015,2.7633,2.8435
07/02/2015,2.7666,2.842
07/03/2015,2.7703,2.8397
07/04/2015,2.7672,2.8393
07/05/2015,2.7668,2.839
07/06/2015,2.7651,2.837
07/07/2015,2.7628,2.8356
07/08/2015,2.7599,2.8339
07/09/2015,2.7561,2.8305
07/10/2015,2.7575,2.8283
07/11/2015,2.7615,2.8259
07/12/2015,2.7684,2.8241
07/13/2015,2.7699,2.8226
07/14/2015,2.7752,2.8194
07/15/2015,2.7762,2.8172
07/16/2015,2.772,2.8138
07/17/2015,2.7634,2.8084
07/18/2015,2.7594,2.8038
07/19/2015,2.7564,2.801
07/20/2015,2.7556,2.7991
07/21/2015,2.751,2.7956
07/22/2015,2.7463,2.7915
07/23/2015,2.7404,2.7863
07/24/2015,2.7317,2.7807
07/25/2015,2.721,2.7746
07/26/2015,2.7146,2.7693
07/27/2015,2.7102,2.765
07/28/2015,2.6975,2.7595
07/29/2015,2.6857,2.7537
07/30/2015,2.6739,2.7458
07/31/2015,2.6646,2.7381
08/01/2015,2.6549,2.7324
08/02/2015,2.6517,2.7281
08/03/2015,2.6507,2.7258
08/04/2015,2.6416,2.7198
08/05/2015,2.6304,2.7132
08/06/2015,2.6232,2.7052
08/07/2015,2.616,2.6966
08/08/2015,2.605,2.6883
08/09/2015,2.5957,2.6835
08/10/2015,2.5908,2.6799
08/11/2015,2.5789,2.6706
08/12/2015,2.5859,2.6651
08/13/2015,2.6184,2.662
08/14/2015,2.6533,2.6612
08/15/2015,2.6672,2.658
08/16/2015,2.669,2.6561
08/17/2015,2.67,2.6552
08/18/2015,2.6636,2.6509
08/19/2015,2.6557,2.6484
08/20/2015,2.6501,2.6434
08/21/2015,2.6321,2.6377
08/22/2015,2.6147,2.631
08/23/2015,2.6027,2.6267
08/24/2015,2.5947,2.6215
08/25/2015,2.5767,2.6128
08/26/2015,2.5563,2.6044
08/27/2015,2.5338,2.5934
08/28/2015,2.5107,2.582
08/29/2015,2.4905,2.5725
08/30/2015,2.4794,2.5689
08/31/2015,2.4711,2.5656
09/01/2015,2.4567,2.5608
09/02/2015,2.4468,2.5627
09/03/2015,2.4379,2.5675
09/04/2015,2.4237,2.5605
09/05/2015,2.4111,2.5581
09/06/2015,2.4031,2.557
09/07/2015,2.3987,2.5563
09/08/2015,2.3913,2.5529
09/09/2015,2.3804,2.5501
09/10/2015,2.3694,2.5481
09/11/2015,2.3604,2.5436
09/12/2015,2.3498,2.5394
09/13/2015,2.3402,2.5372
09/14/2015,2.3343,2.5351
09/15/2015,2.3221,2.53
09/16/2015,2.3079,2.5259
09/17/2015,2.3018,2.5205
09/18/2015,2.3013,2.5171
09/19/2015,2.2975,2.5136
09/20/2015,2.2928,2.5117
09/21/2015,2.2895,2.5094
09/22/2015,2.284,2.5049
09/23/2015,2.2829,2.5029
09/24/2015,2.2887,2.5007
09/25/2015,2.2914,2.4979
09/26/2015,2.287,2.4959
09/27/2015,2.2882,2.4951
09/28/2015,2.2896,2.4943
09/29/2015,2.2877,2.4911
09/30/2015,2.2855,2.4912
10/01/2015,2.2889,2.4893
10/02/2015,2.2938,2.4879
10/03/2015,2.2927,2.4878
10/04/2015,2.2911,2.4908
10/05/2015,2.2901,2.493
10/06/2015,2.2904,2.4959
10/07/2015,2.297,2.5026
10/08/2015,2.3138,2.5108
10/09/2015,2.3214,2.5182
10/10/2015,2.3199,2.5236
10/11/2015,2.3169,2.5258
10/12/2015,2.3141,2.5268
10/13/2015,2.3093,2.528
10/14/2015,2.3026,2.5294
10/15/2015,2.2926,2.5281
10/16/2015,2.2812,2.5251
10/17/2015,2.2698,2.5217
10/18/2015,2.2619,2.5214
10/19/2015,2.2569,2.52
10/20/2015,2.2473,2.5163
10/21/2015,2.2356,2.5138
10/22/2015,2.2241,2.5095
10/23/2015,2.218,2.5059
10/24/2015,2.2107,2.5022
10/25/2015,2.2046,2.5002
10/26/2015,2.2002,2.4986
10/27/2015,2.1983,2.4953
10/28/2015,2.1952,2.4929
10/29/2015,2.188,2.4888
10/30/2015,2.183,2.486
10/31/2015,2.1789,2.4843
11/01/2015,2.1851,2.4841
11/02/2015,2.1912,2.4839
11/03/2015,2.1943,2.482
11/04/2015,2.1992,2.4833
11/05/2015,2.2134,2.4855
11/06/2015,2.2218,2.4874
11/07/2015,2.2207,2.4876
11/08/2015,2.2174,2.4874
11/09/2015,2.2152,2.4876
11/10/2015,2.2098,2.4849
11/11/2015,2.2065,2.4846
11/12/2015,2.1999,2.4821
11/13/2015,2.1904,2.4789
11/14/2015,2.1768,2.4754
11/15/2015,2.166,2.4724
11/16/2015,2.158,2.4707
11/17/2015,2.1448,2.4662
11/18/2015,2.1304,2.4632
11/19/2015,2.1147,2.4573
11/20/2015,2.101,2.4506
11/21/2015,2.0876,2.4454
11/22/2015,2.0779,2.4421
11/23/2015,2.0722,2.4376
11/24/2015,2.0614,2.4331
11/25/2015,2.0576,2.4307
11/26/2015,2.0539,2.4264
11/27/2015,2.0505,2.4245
11/28/2015,2.0458,2.4213
11/29/2015,2.0432,2.4207
11/30/2015,2.0403,2.4171
12/01/2015,2.0384,2.4135
12/02/2015,2.0379,2.412
12/03/2015,2.0446,2.407
12/04/2015,2.0474,2.4019
12/05/2015,2.0384,2.3965
12/06/2015,2.0344,2.3935
12/07/2015,2.0284,2.3873
12/08/2015,2.02,2.3823
12/09/2015,2.0116,2.3766
12/10/2015,2.0128,2.3697
12/11/2015,2.0157,2.3637
12/12/2015,2.0157,2.3602
12/13/2015,2.0147,2.3569
12/14/2015,2.0134,2.349
12/15/2015,2.0114,2.3421
12/16/2015,2.0078,2.3359
12/17/2015,2.0043,2.3284
12/18/2015,2.0022,2.3215
12/19/2015,2.0002,2.3165
12/20/2015,1.9985,2.3132
12/21/2015,2.0053,2.3051
12/22/2015,2.0095,2.2982
12/23/2015,2.0059,2.2915
12/24/2015,2.0028,2.2868
12/25/2015,2.0016,2.2845
12/26/2015,1.9997,2.2799
12/27/2015,1.9982,2.275
12/28/2015,2.001,2.2722
12/29/2015,2.0022,2.2676
12/30/2015,2,2.2634
12/31/2015,1.9963,2.2581
01/01/2016,1.9942,2.2561
01/02/2016,1.9919,2.2521
01/03/2016,1.99,2.2478
01/04/2016,1.9936,2.2438
01/05/2016,1.9985,2.24
01/06/2016,1.9964,2.2356
01/07/2016,1.9877,2.2295
01/08/2016,1.9769,2.2217
01/09/2016,1.9692,2.2171
01/10/2016,1.9646,2.2128
01/11/2016,1.9565,2.2048
01/12/2016,1.9468,2.1964
01/13/2016,1.9372,2.1878
01/14/2016,1.9255,2.1777
01/15/2016,1.9112,2.167
01/16/2016,1.9012,2.1596
01/17/2016,1.895,2.1541
01/18/2016,1.8828,2.1417
01/19/2016,1.8706,2.132
01/20/2016,1.8595,2.1226
01/21/2016,1.8475,2.1115
01/22/2016,1.8376,2.1022
01/23/2016,1.8324,2.0972
01/24/2016,1.8289,2.0929
01/25/2016,1.8284,2.0826
01/26/2016,1.8286,2.0767
01/27/2016,1.8219,2.0701
01/28/2016,1.8133,2.0632
01/29/2016,1.8048,2.0565
01/30/2016,1.7997,2.0536
01/31/2016,1.7955,2.0499
02/01/2016,1.7906,2.0443
02/02/2016,1.7837,2.0416
02/03/2016,1.7737,2.0381
02/04/2016,1.764,2.0335
02/05/2016,1.7542,2.0287
02/06/2016,1.7456,2.0253
02/07/2016,1.7399,2.0222
02/08/2016,1.7293,2.0175
02/09/2016,1.7175,2.0139
02/10/2016,1.7045,2.0086
02/11/2016,1.7006,2.0027
02/12/2016,1.6992,1.998
02/13/2016,1.6975,1.9958
02/14/2016,1.6971,1.9934
02/15/2016,1.6991,1.9899
02/16/2016,1.7103,1.9897
02/17/2016,1.7192,1.9898
02/18/2016,1.7212,1.9894
02/19/2016,1.7178,1.9887
02/20/2016,1.7136,1.9868
02/21/2016,1.7107,1.9845
02/22/2016,1.7058,1.9808
02/23/2016,1.7093,1.9805
02/24/2016,1.7155,1.9803
02/25/2016,1.7281,1.9793
02/26/2016,1.7407,1.9793
02/27/2016,1.7464,1.9797
02/28/2016,1.7484,1.9794
02/29/2016,1.759,1.9799
03/01/2016,1.7848,1.9829
03/02/2016,1.8037,1.9857
03/03/2016,1.8105,1.9885
03/04/2016,1.8124,1.9904
03/05/2016,1.8121,1.9924
03/06/2016,1.8109,1.9929
03/07/2016,1.8119,1.9973
03/08/2016,1.8224,2.01
03/09/2016,1.8433,2.0235
03/10/2016,1.8851,2.0384
03/11/2016,1.9154,2.0507
03/12/2016,1.9271,2.0569
03/13/2016,1.9326,2.0604
03/14/2016,1.9441,2.0659
03/15/2016,1.955,2.0713
03/16/2016,1.9626,2.0742
03/17/2016,1.973,2.0771
03/18/2016,1.9804,2.0818
03/19/2016,1.9817,2.0849
03/20/2016,1.9814,2.0858
03/21/2016,1.9842,2.088
03/22/2016,1.9932,2.0922
03/23/2016,2.0126,2.0983
03/24/2016,2.0288,2.1022
03/25/2016,2.0349,2.1038
03/26/2016,2.0371,2.1049
03/27/2016,2.0377,2.1051
03/28/2016,2.0404,2.1047
03/29/2016,2.049,2.1052
03/30/2016,2.0577,2.1068
03/31/2016,2.0599,2.1065
04/01/2016,2.0581,2.1056
04/02/2016,2.056,2.1046
04/03/2016,2.0542,2.1036
04/04/2016,2.0515,2.1017
04/05/2016,2.0467,2.1005
04/06/2016,2.0418,2.0985
04/07/2016,2.0413,2.0966
04/08/2016,2.0418,2.0949
04/09/2016,2.0422,2.0942
04/10/2016,2.0422,2.0938
04/11/2016,2.0567,2.0949
04/12/2016,2.0799,2.0991
04/13/2016,2.0969,2.1057
04/14/2016,2.1089,2.1118
04/15/2016,2.1129,2.1162
04/16/2016,2.1122,2.1183
04/17/2016,2.1118,2.1188
04/18/2016,2.1099,2.1206
04/19/2016,2.1064,2.1223
04/20/2016,2.1122,2.1239
04/21/2016,2.1231,2.1287
04/22/2016,2.1307,2.1341
04/23/2016,2.133,2.1377
04/24/2016,2.1342,2.1395
04/25/2016,2.1409,2.1455
04/26/2016,2.1512,2.1533
04/27/2016,2.1706,2.1634
04/28/2016,2.1939,2.1744
04/29/2016,2.2062,2.187
04/30/2016,2.2112,2.1949
05/01/2016,2.214,2.2005
05/02/2016,2.2196,2.2093
05/03/2016,2.2222,2.2166
05/04/2016,2.2216,2.2214
05/05/2016,2.2191,2.2233
05/06/2016,2.2149,2.2238
05/07/2016,2.2112,2.2243
05/08/2016,2.2085,2.2238
05/09/2016,2.2044,2.2242
05/10/2016,2.1991,2.224
05/11/2016,2.2001,2.2242
05/12/2016,2.2119,2.2267
05/13/2016,2.219,2.231
05/14/2016,2.2202,2.2337
05/15/2016,2.2207,2.2353
05/16/2016,2.2251,2.2385
05/17/2016,2.2387,2.2447
05/18/2016,2.26,2.2532
05/19/2016,2.2719,2.2632
05/20/2016,2.2771,2.2717
05/21/2016,2.279,2.2766
05/22/2016,2.2799,2.2805
05/23/2016,2.2881,2.2876
05/24/2016,2.3019,2.2958
05/25/2016,2.3119,2.303
05/26/2016,2.3182,2.3104
05/27/2016,2.3208,2.3171
05/28/2016,2.321,2.3206
05/29/2016,2.3208,2.323
05/30/2016,2.3204,2.3238
05/31/2016,2.3212,2.3279
06/01/2016,2.3262,2.3321
06/02/2016,2.3383,2.336
06/03/2016,2.3525,2.3411
06/04/2016,2.3556,2.3442
06/05/2016,2.3559,2.3471
06/06/2016,2.3558,2.3499
06/07/2016,2.355,2.3522
06/08/2016,2.36,2.3556
06/09/2016,2.3727,2.3609
06/10/2016,2.3778,2.3661
06/11/2016,2.3766,2.3689
06/12/2016,2.3751,2.3701
06/13/2016,2.3713,2.3721
06/14/2016,2.3653,2.3737
06/15/2016,2.3582,2.3749
06/16/2016,2.3501,2.3747
06/17/2016,2.3409,2.3745
06/18/2016,2.3348,2.3735
06/19/2016,2.3307,2.3731
06/20/2016,2.324,2.3725
06/21/2016,2.3205,2.3734
06/22/2016,2.318,2.374
06/23/2016,2.3151,2.3743
06/24/2016,2.3109,2.374
06/25/2016,2.3073,2.3736
06/26/2016,2.3044,2.3731
06/27/2016,2.2996,2.3731
06/28/2016,2.2932,2.3724
06/29/2016,2.2877,2.3718
06/30/2016,2.2829,2.3719
07/01/2016,2.2778,2.3716
07/02/2016,2.274,2.3721
07/03/2016,2.2715,2.3721
07/04/2016,2.2692,2.3715
07/05/2016,2.2642,2.3715
07/06/2016,2.2581,2.3714
07/07/2016,2.2516,2.3706
07/08/2016,2.2438,2.3683
07/09/2016,2.2379,2.3665
07/10/2016,2.2337,2.3655
07/11/2016,2.2255,2.3637
07/12/2016,2.2173,2.362
07/13/2016,2.2162,2.3605
07/14/2016,2.2196,2.3582
07/15/2016,2.2151,2.3563
07/16/2016,2.2102,2.3546
07/17/2016,2.207,2.354
07/18/2016,2.201,2.3525
07/19/2016,2.1934,2.3508
07/20/2016,2.1859,2.3485
07/21/2016,2.1781,2.3456
07/22/2016,2.1701,2.3434
07/23/2016,2.1649,2.3414
07/24/2016,2.161,2.3391
07/25/2016,2.1547,2.3362
07/26/2016,2.1481,2.3334
07/27/2016,2.1421,2.3303
07/28/2016,2.1395,2.3271
07/29/2016,2.1377,2.323
07/30/2016,2.1345,2.3203
07/31/2016,2.1322,2.318
08/01/2016,2.1262,2.3144
08/02/2016,2.1199,2.3112
08/03/2016,2.1166,2.3073
08/04/2016,2.1199,2.3039
08/05/2016,2.1236,2.3014
08/06/2016,2.1231,2.3
08/07/2016,2.1221,2.299
08/08/2016,2.1237,2.2968
08/09/2016,2.127,2.296
08/10/2016,2.13,2.2955
08/11/2016,2.129,2.2946
08/12/2016,2.1272,2.2942
08/13/2016,2.1252,2.294
08/14/2016,2.1233,2.2934
08/15/2016,2.1242,2.294
08/16/2016,2.1313,2.2978
08/17/2016,2.1343,2.3016
08/18/2016,2.1405,2.3073
08/19/2016,2.1519,2.3158
08/20/2016,2.1579,2.3221
08/21/2016,2.1618,2.3267
08/22/2016,2.176,2.3349
08/23/2016,2.1886,2.3431
08/24/2016,2.1972,2.3483
08/25/2016,2.2047,2.353
08/26/2016,2.2113,2.357
08/27/2016,2.2132,2.3599
08/28/2016,2.2138,2.3621
08/29/2016,2.2178,2.3651
08/30/2016,2.2227,2.368
08/31/2016,2.2225,2.3691
09/01/2016,2.2186,2.3688
09/02/2016,2.2117,2.3676
09/03/2016,2.2067,2.3665
09/04/2016,2.2036,2.3656
09/05/2016,2.1993,2.3637
09/06/2016,2.1925,2.3636
09/07/2016,2.1857,2.3615
09/08/2016,2.1819,2.3607
09/09/2016,2.1824,2.36
09/10/2016,2.1808,2.36
09/11/2016,2.1789,2.3594
09/12/2016,2.1777,2.359
09/13/2016,2.1802,2.3583
09/14/2016,2.1824,2.3573
09/15/2016,2.1828,2.3568
09/16/2016,2.1903,2.357
09/17/2016,2.1992,2.3573
09/18/2016,2.2047,2.3579
09/19/2016,2.2112,2.3586
09/20/2016,2.2143,2.3592
09/21/2016,2.2152,2.3586
09/22/2016,2.2135,2.3581
09/23/2016,2.2117,2.3579
09/24/2016,2.209,2.3574
09/25/2016,2.2075,2.3566
09/26/2016,2.2081,2.3561
09/27/2016,2.2087,2.3557
09/28/2016,2.2093,2.3556
09/29/2016,2.216,2.3572
09/30/2016,2.2226,2.36
10/01/2016,2.2239,2.3613
10/02/2016,2.224,2.3624
10/03/2016,2.2258,2.3662
10/04/2016,2.2323,2.3717
10/05/2016,2.246,2.3772
10/06/2016,2.255,2.3823
10/07/2016,2.2579,2.3894
10/08/2016,2.2576,2.3937
10/09/2016,2.2567,2.3969
10/10/2016,2.2549,2.4018
10/11/2016,2.2541,2.4074
10/12/2016,2.2532,2.4115
10/13/2016,2.2513,2.4153
10/14/2016,2.2481,2.4177
10/15/2016,2.2449,2.4184
10/16/2016,2.2424,2.4187
10/17/2016,2.2387,2.4198
10/18/2016,2.2362,2.4207
10/19/2016,2.2331,2.4212
10/20/2016,2.23,2.4215
10/21/2016,2.2256,2.4212
10/22/2016,2.2235,2.4211
10/23/2016,2.2235,2.4214
10/24/2016,2.2259,2.4213
10/25/2016,2.2281,2.4223
10/26/2016,2.2253,2.4223
10/27/2016,2.2208,2.4221
10/28/2016,2.2166,2.4218
10/29/2016,2.2138,2.4218
10/30/2016,2.2115,2.421
10/31/2016,2.2073,2.4216
11/01/2016,2.211,2.4226
11/02/2016,2.2172,2.423
11/03/2016,2.2238,2.4228
11/04/2016,2.2218,2.4211
11/05/2016,2.2185,2.4199
11/06/2016,2.2152,2.4188
11/07/2016,2.2082,2.417
11/08/2016,2.2011,2.4146
11/09/2016,2.1965,2.4136
11/10/2016,2.1875,2.4106
11/11/2016,2.179,2.4075
11/12/2016,2.1727,2.4053
11/13/2016,2.1676,2.4028
11/14/2016,2.1588,2.4001
11/15/2016,2.1492,2.3969
11/16/2016,2.1479,2.3939
11/17/2016,2.1519,2.3918
11/18/2016,2.1477,2.3893
11/19/2016,2.1432,2.3883
11/20/2016,2.1393,2.3869
11/21/2016,2.1331,2.3847
11/22/2016,2.1309,2.3843
11/23/2016,2.129,2.3843
11/24/2016,2.128,2.3842
11/25/2016,2.1267,2.3837
11/26/2016,2.1259,2.3832
11/27/2016,2.1257,2.3835
11/28/2016,2.1345,2.384
11/29/2016,2.1498,2.3852
11/30/2016,2.1542,2.387
12/01/2016,2.1615,2.3911
12/02/2016,2.1724,2.3982
12/03/2016,2.177,2.403
12/04/2016,2.1791,2.4064
12/05/2016,2.1852,2.4138
12/06/2016,2.1925,2.4193
12/07/2016,2.1967,2.4233
12/08/2016,2.1978,2.426
12/09/2016,2.204,2.4272
12/10/2016,2.2101,2.4275
12/11/2016,2.2112,2.4278
12/12/2016,2.2121,2.4296
12/13/2016,2.2194,2.4332
12/14/2016,2.2255,2.4368
12/15/2016,2.229,2.4405
12/16/2016,2.2346,2.4425
12/17/2016,2.2392,2.4444
12/18/2016,2.2409,2.4463
12/19/2016,2.2459,2.4509
12/20/2016,2.2532,2.4549
12/21/2016,2.2588,2.4587
12/22/2016,2.2701,2.4621
12/23/2016,2.2792,2.4652
12/24/2016,2.2828,2.4673
12/25/2016,2.2849,2.4689
12/26/2016,2.2867,2.469
12/27/2016,2.2912,2.4724
12/28/2016,2.302,2.4788
12/29/2016,2.3159,2.4856
12/30/2016,2.3292,2.4933
12/31/2016,2.3346,2.4974
01/01/2017,2.3392,2.5014
01/02/2017,2.3469,2.5066
01/03/2017,2.3525,2.5158
01/04/2017,2.3589,2.5222
01/05/2017,2.3638,2.5266
01/06/2017,2.3662,2.5301
01/07/2017,2.3667,2.5319
01/08/2017,2.3666,2.5327
01/09/2017,2.3651,2.534
01/10/2017,2.361,2.5338
01/11/2017,2.3559,2.5331
01/12/2017,2.3511,2.5318
01/13/2017,2.3471,2.5319
01/14/2017,2.3441,2.5314
01/15/2017,2.3426,2.5315
01/16/2017,2.3381,2.5311
01/17/2017,2.3345,2.5309
01/18/2017,2.3316,2.53
01/19/2017,2.3255,2.5284
01/20/2017,2.3189,2.5267
01/21/2017,2.3136,2.5253
01/22/2017,2.3099,2.5235
01/23/2017,2.3031,2.5217
01/24/2017,2.2974,2.52
01/25/2017,2.293,2.5192
01/26/2017,2.288,2.5175
01/27/2017,2.2822,2.516
01/28/2017,2.2781,2.5148
01/29/2017,2.2747,2.5135
01/30/2017,2.2737,2.5118
01/31/2017,2.2761,2.5118
02/01/2017,2.277,2.5108
02/02/2017,2.2767,2.5105
02/03/2017,2.2748,2.5102
02/04/2017,2.2723,2.5098
02/05/2017,2.2704,2.509
02/06/2017,2.2676,2.5084
02/07/2017,2.2659,2.5093
02/08/2017,2.2629,2.5096
02/09/2017,2.2673,2.5091
02/10/2017,2.2764,2.5093
02/11/2017,2.279,2.5096
02/12/2017,2.2794,2.5103
02/13/2017,2.2823,2.5118
02/14/2017,2.2844,2.5135
02/15/2017,2.284,2.5146
02/16/2017,2.2848,2.5145
02/17/2017,2.2845,2.5149
02/18/2017,2.2828,2.5147
02/19/2017,2.2811,2.5147
02/20/2017,2.281,2.5149
02/21/2017,2.2846,2.5166
02/22/2017,2.2846,2.5175
02/23/2017,2.2846,2.518
02/24/2017,2.286,2.5187
02/25/2017,2.2864,2.519
02/26/2017,2.286,2.5192
02/27/2017,2.2889,2.5197
02/28/2017,2.2997,2.5217
03/01/2017,2.3142,2.523
03/02/2017,2.3178,2.5239
03/03/2017,2.3154,2.5239
03/04/2017,2.3126,2.5237
03/05/2017,2.3107,2.523
03/06/2017,2.3074,2.5224
03/07/2017,2.3055,2.5232
03/08/2017,2.3041,2.5242
03/09/2017,2.3028,2.5239
03/10/2017,2.3002,2.5235
03/11/2017,2.2982,2.5232
03/12/2017,2.2964,2.5225
03/13/2017,2.2931,2.5213
03/14/2017,2.2895,2.5191
03/15/2017,2.2868,2.5175
03/16/2017,2.2899,2.5151
03/17/2017,2.2941,2.5147
03/18/2017,2.2931,2.514
03/19/2017,2.2916,2.5131
03/20/2017,2.2905,2.5114
03/21/2017,2.2927,2.5102
03/22/2017,2.2921,2.5094
03/23/2017,2.2899,2.5082
03/24/2017,2.2876,2.5072
03/25/2017,2.2859,2.5068
03/26/2017,2.2844,2.506
03/27/2017,2.2828,2.5037
03/28/2017,2.29,2.5034
03/29/2017,2.3039,2.5032
03/30/2017,2.3128,2.5041
03/31/2017,2.3192,2.506
04/01/2017,2.3225,2.5065
04/02/2017,2.324,2.5066
04/03/2017,2.3326,2.5088
04/04/2017,2.3482,2.5116
04/05/2017,2.3682,2.5145
04/06/2017,2.3796,2.5165
04/07/2017,2.3846,2.5209
04/08/2017,2.3859,2.5209
04/09/2017,2.387,2.5213
04/10/2017,2.391,2.5216
04/11/2017,2.3975,2.5248
04/12/2017,2.4023,2.528
04/13/2017,2.4051,2.5304
04/14/2017,2.4062,2.5321
04/15/2017,2.4059,2.5332
04/16/2017,2.406,2.534
04/17/2017,2.4059,2.5343
04/18/2017,2.4086,2.5359
04/19/2017,2.4153,2.5369
04/20/2017,2.4216,2.5374
04/21/2017,2.4205,2.5374
04/22/2017,2.4188,2.5371
04/23/2017,2.4166,2.5364
04/24/2017,2.4129,2.5354
04/25/2017,2.4081,2.5343
04/26/2017,2.4024,2.5326
04/27/2017,2.3976,2.5315
04/28/2017,2.3914,2.53
04/29/2017,2.3871000000000002,2.529
04/30/2017,2.3843,2.528
05/01/2017,2.3784,2.5261
05/02/2017,2.3723,2.5245
05/03/2017,2.3666,2.5225
05/04/2017,2.3612,2.5202
05/05/2017,2.3546,2.5177
05/06/2017,2.35,2.5159
05/07/2017,2.3465,2.5137
05/08/2017,2.3403,2.5115
05/09/2017,2.3362,2.5094
05/10/2017,2.3375,2.5075
05/11/2017,2.3396,2.5054
05/12/2017,2.339,2.504
05/13/2017,2.3376,2.5033
05/14/2017,2.3364,2.5026
05/15/2017,2.3354,2.5009
05/16/2017,2.3356,2.5005
05/17/2017,2.3379,2.4998
05/18/2017,2.3446,2.4996
05/19/2017,2.3513,2.4999
05/20/2017,2.3541,2.5007
05/21/2017,2.3556,2.5012
05/22/2017,2.36,2.503
05/23/2017,2.3661,2.5066
05/24/2017,2.3711,2.5097
05/25/2017,2.3728,2.5116
05/26/2017,2.3716,2.5133
05/27/2017,2.3702,2.5137
05/28/2017,2.3691,2.5143
05/29/2017,2.3679,2.5124
05/30/2017,2.3715,2.5136
05/31/2017,2.3797,2.5136
06/01/2017,2.3806,2.5131
06/02/2017,2.3777,2.5124
06/03/2017,2.3749,2.5118
06/04/2017,2.373,2.5108
06/05/2017,2.369,2.5092
06/06/2017,2.3633,2.508
06/07/2017,2.3576,2.5056
06/08/2017,2.3508,2.5026
06/09/2017,2.3434,2.4989
06/10/2017,2.3386,2.4966
06/11/2017,2.3354,2.4948
06/12/2017,2.3292,2.4913
06/13/2017,2.3231,2.4889
06/14/2017,2.3176,2.4862
06/15/2017,2.3098,2.483
06/16/2017,2.3015,2.4797
06/17/2017,2.2962,2.4778
06/18/2017,2.2927,2.4761
06/19/2017,2.2855,2.4719
06/20/2017,2.2816,2.4694
06/21/2017,2.2795,2.4659
06/22/2017,2.2757,2.4624
06/23/2017,2.2696,2.4587
06/24/2017,2.2648,2.4567
06/25/2017,2.2613,2.4551
06/26/2017,2.254,2.4508
06/27/2017,2.2467,2.4477
06/28/2017,2.2419,2.4448
06/29/2017,2.2384,2.4424
06/30/2017,2.2347,2.4413
07/01/2017,2.2336,2.4424
07/02/2017,2.2332,2.4428
07/03/2017,2.2316,2.4425
07/04/2017,2.231,2.4431
07/05/2017,2.2409,2.4451
07/06/2017,2.2575,2.4465
07/07/2017,2.2623,2.4471
07/08/2017,2.262,2.447
07/09/2017,2.2612,2.4463
07/10/2017,2.2591,2.4456
07/11/2017,2.2571,2.4449
07/12/2017,2.2561,2.4446
07/13/2017,2.2548,2.4442
07/14/2017,2.2535,2.4439
07/15/2017,2.252,2.4439
07/16/2017,2.2513,2.4438
07/17/2017,2.2572,2.4443
07/18/2017,2.2677,2.4459
07/19/2017,2.2741,2.4473
07/20/2017,2.2804,2.4497
07/21/2017,2.2827,2.4524
07/22/2017,2.2826,2.4533
07/23/2017,2.2817,2.4534
07/24/2017,2.281,2.4537
07/25/2017,2.2818,2.4536
07/26/2017,2.2861,2.4552
07/27/2017,2.2968,2.4592
07/28/2017,2.3082,2.4643
07/29/2017,2.3118,2.4677
07/30/2017,2.3131,2.4696
07/31/2017,2.319,2.4762
08/01/2017,2.329,2.4847
08/02/2017,2.3327,2.4895
08/03/2017,2.3432,2.499
08/04/2017,2.3453,2.5047
08/05/2017,2.3455,2.5088
08/06/2017,2.345,2.5105
08/07/2017,2.35,2.5148
08/08/2017,2.358,2.5197
08/09/2017,2.3593,2.5221
08/10/2017,2.3582,2.5249
08/11/2017,2.3558,2.5262
08/12/2017,2.3536,2.5268
08/13/2017,2.3523,2.5273
08/14/2017,2.3498,2.5284
08/15/2017,2.3466,2.5284
08/16/2017,2.3435,2.5281
08/17/2017,2.3402,2.5275
08/18/2017,2.3373,2.5278
08/19/2017,2.3352,2.5278
08/20/2017,2.3336,2.5278
08/21/2017,2.3366,2.5273
08/22/2017,2.3433,2.5277
08/23/2017,2.3475,2.5272
08/24/2017,2.3511,2.528
08/25/2017,2.3583,2.5298
08/26/2017,2.3622,2.5319
08/27/2017,2.3643,2.534
08/28/2017,2.3775,2.5395
08/29/2017,2.403,2.5483
08/30/2017,2.4469,2.563
08/31/2017,2.5162,2.5883
09/01/2017,2.5864,2.6213
09/02/2017,2.6161,2.6401
09/03/2017,2.6321,2.6543
09/04/2017,2.6465,2.668
09/05/2017,2.6601,2.6819
09/06/2017,2.6709,2.6921
09/07/2017,2.6727,2.6991
09/08/2017,2.6717,2.7062
09/09/2017,2.67,2.7099
09/10/2017,2.668,2.7122
09/11/2017,2.6622,2.7152
09/12/2017,2.6561,2.7164
09/13/2017,2.6493,2.7173
09/14/2017,2.6419,2.7182
09/15/2017,2.633,2.7188
09/16/2017,2.6273,2.719
09/17/2017,2.6234,2.7188
09/18/2017,2.6156,2.719
09/19/2017,2.607,2.7197
09/20/2017,2.5988,2.7197
09/21/2017,2.5901,2.72
09/22/2017,2.5815,2.7207
09/23/2017,2.5766,2.7212
09/24/2017,2.5729,2.7218
09/25/2017,2.5692,2.7228
09/26/2017,2.5723,2.7254
09/27/2017,2.5735,2.7277
09/28/2017,2.5683,2.7292
09/29/2017,2.5611,2.731
09/30/2017,2.5558,2.7319
10/01/2017,2.5519,2.7325
10/02/2017,2.5435,2.7337
10/03/2017,2.534,2.7338
10/04/2017,2.5238,2.7332
10/05/2017,2.5144,2.732
10/06/2017,2.5055,2.7312
10/07/2017,2.4995,2.7304
10/08/2017,2.495,2.7299
10/09/2017,2.486,2.7287
10/10/2017,2.4783,2.7277
10/11/2017,2.4781,2.7263
10/12/2017,2.4816,2.7258
10/13/2017,2.4771,2.7251
10/14/2017,2.4734,2.7247
10/15/2017,2.4706,2.7247
10/16/2017,2.4659,2.7249
10/17/2017,2.4614,2.7266
10/18/2017,2.4568,2.7277
10/19/2017,2.4577,2.7285
10/20/2017,2.4591,2.729
10/21/2017,2.4576,2.7294
10/22/2017,2.4556,2.7297
10/23/2017,2.4557,2.7309
10/24/2017,2.4583,2.7333
10/25/2017,2.4624,2.7364
10/26/2017,2.4658,2.7382
10/27/2017,2.4664,2.7403
10/28/2017,2.4659,2.7418
10/29/2017,2.4654,2.7433
10/30/2017,2.4687,2.7464
10/31/2017,2.481,2.7515
11/01/2017,2.5027,2.7618
11/02/2017,2.5154,2.7715
11/03/2017,2.5232,2.7792
11/04/2017,2.5256,2.7834
11/05/2017,2.5273,2.7866
11/06/2017,2.5346,2.7922
11/07/2017,2.5476,2.801
11/08/2017,2.5566,2.8098
11/09/2017,2.5598,2.8163
11/10/2017,2.5602,2.8216
11/11/2017,2.5595,2.8249
11/12/2017,2.5585,2.827
11/13/2017,2.5596,2.8308
11/14/2017,2.5631,2.8336
11/15/2017,2.561,2.8354
11/16/2017,2.5558,2.8362
11/17/2017,2.5486,2.8358
11/18/2017,2.5439,2.8356
11/19/2017,2.5405,2.8358
11/20/2017,2.5334,2.8365
11/21/2017,2.526,2.8373
11/22/2017,2.5199,2.8379
11/23/2017,2.5176,2.8383
11/24/2017,2.5128,2.8388
11/25/2017,2.5094,2.8391
11/26/2017,2.5068,2.8391
11/27/2017,2.5021,2.8387
11/28/2017,2.4992,2.8388
11/29/2017,2.495,2.8396
11/30/2017,2.49,2.84
12/01/2017,2.4843,2.8397
12/02/2017,2.4802,2.8402
12/03/2017,2.4771,2.8404
12/04/2017,2.4763,2.8407
12/05/2017,2.4781,2.8405
12/06/2017,2.4769,2.8397
12/07/2017,2.4735,2.8387
12/08/2017,2.4683,2.8381
12/09/2017,2.4648,2.8372
12/10/2017,2.4619,2.837
12/11/2017,2.4575,2.8356
12/12/2017,2.4541,2.8355
12/13/2017,2.4529,2.8347
12/14/2017,2.4473,2.8343
12/15/2017,2.4398,2.8336
12/16/2017,2.4344,2.8327
12/17/2017,2.4303,2.8323
12/18/2017,2.422,2.8313
12/19/2017,2.4222,2.8307
12/20/2017,2.4292,2.831
12/21/2017,2.4357,2.8317
12/22/2017,2.4409,2.8332
12/23/2017,2.4427,2.8336
12/24/2017,2.4431,2.8342
12/25/2017,2.4435,2.8344
12/26/2017,2.4467,2.8371
12/27/2017,2.4606,2.8435
12/28/2017,2.4764,2.8526
12/29/2017,2.4828,2.8602
12/30/2017,2.485,2.8656
12/31/2017,2.4858,2.8684
01/01/2018,2.4858,2.8705
01/02/2018,2.4853,2.8771
01/03/2018,2.4863,2.8854
01/04/2018,2.4891,2.8924
01/05/2018,2.4906,2.8988
01/06/2018,2.4908,2.9017
01/07/2018,2.4906,2.9039
01/08/2018,2.4906,2.9075
01/09/2018,2.4933,2.9109
01/10/2018,2.5064,2.9146
01/11/2018,2.5193,2.9196
01/12/2018,2.525,2.9238
01/13/2018,2.5262,2.9264
01/14/2018,2.5264,2.9283
01/15/2018,2.5297,2.9313
01/16/2018,2.533,2.9363
01/17/2018,2.5336,2.939
01/18/2018,2.535,2.9419
01/19/2018,2.5371,2.9435
01/20/2018,2.5371,2.9434
01/21/2018,2.5372,2.9441
01/22/2018,2.5421,2.9461
01/23/2018,2.5521,2.9479
01/24/2018,2.5628,2.9512
01/25/2018,2.57,2.9563
01/26/2018,2.5743,2.9634
01/27/2018,2.5763,2.9678
01/28/2018,2.5774,2.9706
01/29/2018,2.5853,2.977
01/30/2018,2.5912,2.9836
01/31/2018,2.5942,2.9877
02/01/2018,2.6004,2.9917
02/02/2018,2.603,2.9947
02/03/2018,2.6031,2.996
02/04/2018,2.604,2.997
02/05/2018,2.6052,2.999
02/06/2018,2.6046,3.0008
02/07/2018,2.6016,2.9997
02/08/2018,2.5962,2.9981
02/09/2018,2.5887,2.9954
02/10/2018,2.583,2.9936
02/11/2018,2.5789,2.9923
02/12/2018,2.57,2.9878
02/13/2018,2.5598,2.9835
02/14/2018,2.5515,2.9793
02/15/2018,2.5444,2.9756
02/16/2018,2.5377,2.9723
02/17/2018,2.5333,2.9699
02/18/2018,2.5301,2.9688
02/19/2018,2.5259,2.965
02/20/2018,2.5257,2.9629
02/21/2018,2.5243,2.9612
02/22/2018,2.5231,2.9598
02/23/2018,2.52,2.9586
02/24/2018,2.5183,2.9577
02/25/2018,2.5167,2.9566
02/26/2018,2.5182,2.9547
02/27/2018,2.5299,2.9543
02/28/2018,2.5391,2.9545
03/01/2018,2.5403,2.9531
03/02/2018,2.5363,2.951
03/03/2018,2.5324,2.9492
03/04/2018,2.5299,2.9479
03/05/2018,2.5262,2.9464
03/06/2018,2.5262,2.9453
03/07/2018,2.5312,2.9433
03/08/2018,2.5337,2.9411
03/09/2018,2.5303,2.9386
03/10/2018,2.5271,2.9378
03/11/2018,2.5243,2.9371
03/12/2018,2.5227,2.9353
03/13/2018,2.5238,2.933
03/14/2018,2.5273,2.9313
03/15/2018,2.5318,2.9299
03/16/2018,2.536,2.9301
03/17/2018,2.5415,2.9299
03/18/2018,2.5481,2.9301
03/19/2018,2.5578,2.9294
03/20/2018,2.5653,2.9305
03/21/2018,2.574,2.9315
03/22/2018,2.5895,2.9343
03/23/2018,2.6012,2.9377
03/24/2018,2.6059,2.9401
03/25/2018,2.6083,2.9419
03/26/2018,2.62,2.9466
03/27/2018,2.6346,2.9528
03/28/2018,2.645,2.958
03/29/2018,2.6526,2.9622
03/30/2018,2.6545,2.9657
03/31/2018,2.6556,2.9674
04/01/2018,2.6573,2.9689
04/02/2018,2.6584,2.9702
04/03/2018,2.6576,2.9714
04/04/2018,2.6573,2.9722
04/05/2018,2.661,2.9721
04/06/2018,2.6627,2.9729
04/07/2018,2.6614,2.9734
04/08/2018,2.6599,2.9739
04/09/2018,2.6582,2.9733
04/10/2018,2.6593,2.9743
04/11/2018,2.6736,2.98
04/12/2018,2.6959,2.9902
04/13/2018,2.7065,2.9985
04/14/2018,2.7091,3.0034
04/15/2018,2.7107,3.0075
04/16/2018,2.7192,3.0125
04/17/2018,2.7308,3.0168
04/18/2018,2.7381,3.0199
04/19/2018,2.7492,3.0241
04/20/2018,2.7569,3.0291
04/21/2018,2.7591,3.0322
04/22/2018,2.76,3.0351
04/23/2018,2.767,3.0384
04/24/2018,2.781,3.0431
04/25/2018,2.7907,3.0475
04/26/2018,2.7981,3.0526
04/27/2018,2.8031,3.0581
04/28/2018,2.8059,3.0611
04/29/2018,2.8082,3.0637
04/30/2018,2.8099,3.0666
05/01/2018,2.813,3.0697
05/02/2018,2.8158,3.0717
05/03/2018,2.8155,3.0731
05/04/2018,2.8132,3.0744
05/05/2018,2.8118,3.0763
05/06/2018,2.8108,3.0775
05/07/2018,2.8131,3.0802
05/08/2018,2.8255,3.0857
05/09/2018,2.8428,3.0921
05/10/2018,2.8561,3.1037
05/11/2018,2.8652,3.1177
05/12/2018,2.8675,3.1246
05/13/2018,2.8688,3.1302
05/14/2018,2.8779,3.1397
05/15/2018,2.8904,3.149
05/16/2018,2.9002,3.1562
05/17/2018,2.9128,3.1645
05/18/2018,2.9203,3.173
05/19/2018,2.9222,3.1775
05/20/2018,2.9235,3.1811
05/21/2018,2.9312,3.1877
05/22/2018,2.9453,3.1939
05/23/2018,2.959,3.2002
05/24/2018,2.9678,3.2062
05/25/2018,2.9696,3.2096
05/26/2018,2.9682,3.2114
05/27/2018,2.9676,3.2135
05/28/2018,2.9669,3.213
05/29/2018,2.9627,3.2146
05/30/2018,2.9582,3.2135
05/31/2018,2.9554,3.2121
06/01/2018,2.9523,3.2111
06/02/2018,2.9494,3.2108
06/03/2018,2.947,3.2114
06/04/2018,2.9422,3.2095
06/05/2018,2.94,3.2071
06/06/2018,2.9387,3.205
06/07/2018,2.9334,3.2023
06/08/2018,2.9269,3.2002
06/09/2018,2.9228,3.199
06/10/2018,2.9199,3.1986
06/11/2018,2.9146,3.1971
06/12/2018,2.9087,3.1941
06/13/2018,2.9041,3.1921
06/14/2018,2.9037,3.1905
06/15/2018,2.9014,3.1887
06/16/2018,2.8971,3.1871
06/17/2018,2.8936,3.1865
06/18/2018,2.8854,3.1824
06/19/2018,2.8776,3.1798
06/20/2018,2.8701,3.1766
06/21/2018,2.8626,3.1743
06/22/2018,2.8543,3.171
06/23/2018,2.8497,3.1697
06/24/2018,2.8468,3.1681
06/25/2018,2.8456,3.1651
06/26/2018,2.8473,3.1632
06/27/2018,2.8478,3.1616
06/28/2018,2.8525,3.1618
06/29/2018,2.8532,3.1623
06/30/2018,2.8535,3.1639
07/01/2018,2.8534,3.1647
07/02/2018,2.8594,3.1648
07/03/2018,2.8654,3.1664
07/04/2018,2.8648,3.1663
07/05/2018,2.8651,3.1676
07/06/2018,2.8651,3.1685
07/07/2018,2.8639,3.169
07/08/2018,2.8625,3.1695
07/09/2018,2.8619,3.1689
07/10/2018,2.8713,3.1703
07/11/2018,2.8827,3.1719
07/12/2018,2.8848,3.1715
07/13/2018,2.8808,3.17
07/14/2018,2.8776,3.1695
07/15/2018,2.8753,3.1695
07/16/2018,2.8706,3.1676
07/17/2018,2.8642,3.1657
07/18/2018,2.8571,3.163
07/19/2018,2.8511,3.1609
07/20/2018,2.8455,3.1587
07/21/2018,2.8425,3.1578
07/22/2018,2.8401,3.1576
07/23/2018,2.8389,3.1554
07/24/2018,2.8456,3.1543
07/25/2018,2.8518,3.1533
07/26/2018,2.8538,3.1527
07/27/2018,2.8557,3.1533
07/28/2018,2.8557,3.1538
07/29/2018,2.8557,3.1542
07/30/2018,2.8614,3.1543
07/31/2018,2.8687,3.1556
08/01/2018,2.8732,3.1565
08/02/2018,2.8726,3.1561
08/03/2018,2.8693,3.156
08/04/2018,2.8667,3.1554
08/05/2018,2.8648,3.1553
08/06/2018,2.8626,3.1543
08/07/2018,2.865,3.1546
08/08/2018,2.868,3.1545
08/09/2018,2.8663,3.154
08/10/2018,2.8626,3.1531
08/11/2018,2.8597,3.1528
08/12/2018,2.8579,3.1526
08/13/2018,2.8571,3.1513
08/14/2018,2.8571,3.1505
08/15/2018,2.8535,3.1497
08/16/2018,2.8493,3.1486
08/17/2018,2.8441,3.1472
08/18/2018,2.8401,3.1461
08/19/2018,2.837,3.1456
08/20/2018,2.8315,3.1433
08/21/2018,2.8271,3.1424
08/22/2018,2.8282,3.1419
08/23/2018,2.8371,3.1423
08/24/2018,2.8399,3.1437
08/25/2018,2.8384,3.1445
08/26/2018,2.8365,3.1449
08/27/2018,2.8349,3.1467
08/28/2018,2.8372,3.1497
08/29/2018,2.8371,3.1538
08/30/2018,2.8378,3.1579
08/31/2018,2.8371,3.1614
09/01/2018,2.8359,3.1633
09/02/2018,2.8349,3.1653
09/03/2018,2.8341,3.1663
09/04/2018,2.8424,3.1707
09/05/2018,2.8528,3.1743
09/06/2018,2.8531,3.1767
09/07/2018,2.8496,3.1777
09/08/2018,2.8464,3.1779
09/09/2018,2.845,3.1783
09/10/2018,2.8424,3.178
09/11/2018,2.8387,3.1784
09/12/2018,2.8434,3.1792
09/13/2018,2.8506,3.1807
09/14/2018,2.852,3.1825
09/15/2018,2.851,3.1836
09/16/2018,2.8495,3.1852
09/17/2018,2.8456,3.1851
09/18/2018,2.8423,3.1843
09/19/2018,2.8449,3.1831
09/20/2018,2.851,3.1839
09/21/2018,2.8525,3.1848
09/22/2018,2.8517,3.1852
09/23/2018,2.8504,3.1856
09/24/2018,2.8553,3.1848
09/25/2018,2.8663,3.1892
09/26/2018,2.872,3.1942
09/27/2018,2.8743,3.2
09/28/2018,2.8758,3.2044
09/29/2018,2.8763,3.2077
09/30/2018,2.8763,3.2098
10/01/2018,2.8849,3.2173
10/02/2018,2.901,3.2303
10/03/2018,2.9101,3.2425
10/04/2018,2.9138,3.2558
10/05/2018,2.9141,3.2666
10/06/2018,2.913,3.2721
10/07/2018,2.9125,3.2752
10/08/2018,2.9113,3.2809
10/09/2018,2.9109,3.287
10/10/2018,2.9092,3.291
10/11/2018,2.906,3.2954
10/12/2018,2.9002,3.2975
10/13/2018,2.8959,3.2977
10/14/2018,2.8926,3.2981
10/15/2018,2.8861,3.2987
10/16/2018,2.8788,3.2981
10/17/2018,2.8724,3.2974
10/18/2018,2.8655,3.2967
10/19/2018,2.859,3.2958
10/20/2018,2.8547,3.295
10/21/2018,2.8518,3.2945
10/22/2018,2.8459,3.2933
10/23/2018,2.8439,3.2923
10/24/2018,2.8418,3.291
10/25/2018,2.8371,3.2894
10/26/2018,2.8288,3.2874
10/27/2018,2.8232,3.2864
10/28/2018,2.8184,3.2859
10/29/2018,2.8094,3.2832
10/30/2018,2.8007,3.2819
10/31/2018,2.7928,3.2801
11/01/2018,2.7841,3.2776
11/02/2018,2.7742,3.275
11/03/2018,2.7682,3.2735
11/04/2018,2.7644,3.2726
11/05/2018,2.7552,3.2696
11/06/2018,2.7459,3.2675
11/07/2018,2.735,3.2634
11/08/2018,2.7238,3.2606
11/09/2018,2.712,3.2576
11/10/2018,2.704,3.2558
11/11/2018,2.6983,3.2543
11/12/2018,2.6873,3.2501
11/13/2018,2.6777,3.2466
11/14/2018,2.6667,3.2415
11/15/2018,2.6548,3.2365
11/16/2018,2.6411,3.2321
11/17/2018,2.6326,3.2292
11/18/2018,2.6254,3.2259
11/19/2018,2.6245,3.2227
11/20/2018,2.6118,3.2196
11/21/2018,2.5999,3.2171
11/22/2018,2.5864,3.2118
11/23/2018,2.5807,3.2112
11/24/2018,2.5674,3.2044
11/25/2018,2.5614,3.203
11/26/2018,2.5547,3.1985
11/27/2018,2.5415,3.1943
11/28/2018,2.5273,3.1895
11/29/2018,2.511,3.1815
11/30/2018,2.4933,3.1717
12/01/2018,2.4766,3.1618
12/02/2018,2.4669,3.158
12/03/2018,2.4595,3.1525
12/04/2018,2.4472,3.1436
12/05/2018,2.4447,3.1367
12/06/2018,2.443,3.1297
12/07/2018,2.4357,3.1225
12/08/2018,2.4269,3.1164
12/09/2018,2.4226,3.115
12/10/2018,2.4196,3.1109
12/11/2018,2.413,3.1051
12/12/2018,2.4069,3.0998
12/13/2018,2.3992,3.0931
12/14/2018,2.3901,3.0878
12/15/2018,2.3829,3.0827
12/16/2018,2.3778,3.0801
12/17/2018,2.3734,3.0738
12/18/2018,2.3692,3.0679
12/19/2018,2.3689,3.0644
12/20/2018,2.3603,3.0575
12/21/2018,2.3494,3.0493
12/22/2018,2.3368,3.0424
12/23/2018,2.3284,3.0373
12/24/2018,2.3222,3.0306
12/25/2018,2.313,3.0266
12/26/2018,2.3099,3.0263
12/27/2018,2.2974,3.0171
12/28/2018,2.2889,3.0144
12/29/2018,2.2777,3.0064
12/30/2018,2.2708,3.0011
12/31/2018,2.2658,2.9945
01/01/2019,2.2566,2.9894
01/02/2019,2.2534,2.9886
01/03/2019,2.2495,2.9801
01/04/2019,2.2503,2.9758
01/05/2019,2.2447,2.9694
01/06/2019,2.2401,2.9656
01/07/2019,2.2372,2.9595
01/08/2019,2.2323,2.9534
01/09/2019,2.2302,2.95
01/10/2019,2.2345,2.9451
01/11/2019,2.2434,2.9408
01/12/2019,2.245,2.9384
01/13/2019,2.2448,2.9375
01/14/2019,2.2452,2.9331
01/15/2019,2.2426,2.931
01/16/2019,2.2423,2.9304
01/17/2019,2.2417,2.9273
01/18/2019,2.2424,2.9253
01/19/2019,2.2428,2.9242
01/20/2019,2.2436,2.9242
01/21/2019,2.2448,2.9214
01/22/2019,2.252,2.9189
01/23/2019,2.2691,2.9224
01/24/2019,2.2738,2.9251
01/25/2019,2.2728,2.9248
01/26/2019,2.2684,2.9248
01/27/2019,2.2645,2.9228
01/28/2019,2.2611,2.919
01/29/2019,2.2576,2.9195
01/30/2019,2.2565,2.9225
01/31/2019,2.2592,2.9225
02/01/2019,2.2616,2.9222
02/02/2019,2.2593,2.921
02/03/2019,2.2574,2.9211
02/04/2019,2.2561,2.9173
02/05/2019,2.2638,2.917
02/06/2019,2.2768,2.9207
02/07/2019,2.2806,2.921
02/08/2019,2.2826,2.9227
02/09/2019,2.2798,2.9219
02/10/2019,2.2782,2.921
02/11/2019,2.2776,2.9162
02/12/2019,2.2733,2.9174
02/13/2019,2.2728,2.9184
02/14/2019,2.2809,2.9186
02/15/2019,2.2949,2.9198
02/16/2019,2.3049,2.9244
02/17/2019,2.312,2.9293
02/18/2019,2.318,2.9291
02/19/2019,2.3357,2.9369
02/20/2019,2.3598,2.9498
02/21/2019,2.3758,2.9576
02/22/2019,2.3867,2.9629
02/23/2019,2.3923,2.9684
02/24/2019,2.3938,2.9716
02/25/2019,2.3946,2.971
02/26/2019,2.3986,2.9727
02/27/2019,2.4048,2.9796
02/28/2019,2.4127,2.9831
03/01/2019,2.4226,2.9867
03/02/2019,2.4255,2.99
03/03/2019,2.4265,2.9927
03/04/2019,2.4271,2.9937
03/05/2019,2.4301,2.9968
03/06/2019,2.4382,2.998
03/07/2019,2.4479,2.9999
03/08/2019,2.46,3.002
03/09/2019,2.4707,3.0041
03/10/2019,2.4761,3.0059
03/11/2019,2.4792,3.0051
03/12/2019,2.4922,3.007
03/13/2019,2.5102,3.0096
03/14/2019,2.5219,3.0123
03/15/2019,2.5339,3.0142
03/16/2019,2.5426,3.0144
03/17/2019,2.5448,3.0147
03/18/2019,2.5452,3.0129
03/19/2019,2.5585,3.014
03/20/2019,2.5808,3.0167
03/21/2019,2.5951,3.0171
03/22/2019,2.6112,3.019
03/23/2019,2.6212,3.0204
03/24/2019,2.6256,3.0213
03/25/2019,2.6282,3.0211
03/26/2019,2.6477,3.0222
03/27/2019,2.6726,3.0241
03/28/2019,2.6853,3.0265
03/29/2019,2.6911,3.0283
03/30/2019,2.6916,3.0285
03/31/2019,2.6916,3.0285
04/01/2019,2.6917,3.028
04/02/2019,2.6946,3.0279
04/03/2019,2.7025,3.0302
04/04/2019,2.7151,3.0316
04/05/2019,2.7274,3.0338
04/06/2019,2.7353,3.0365
04/07/2019,2.7389,3.0378
04/08/2019,2.7421,3.0371
04/09/2019,2.7476,3.0392
04/10/2019,2.7608,3.0453
04/11/2019,2.7836,3.0506
04/12/2019,2.8112,3.0564
04/13/2019,2.8231,3.0628
04/14/2019,2.8266,3.0664
04/15/2019,2.8296,3.0674
04/16/2019,2.8312,3.0687
04/17/2019,2.8324,3.0722
04/18/2019,2.8355,3.075
04/19/2019,2.839,3.0767
04/20/2019,2.8416,3.0793
04/21/2019,2.8424,3.0808
04/22/2019,2.8423,3.0783
04/23/2019,2.8494,3.0799
04/24/2019,2.8659,3.0838
04/25/2019,2.8771,3.0884
04/26/2019,2.8831,3.0919
04/27/2019,2.8861,3.0957
04/28/2019,2.8858,3.0992
04/29/2019,2.8863,3.0999
04/30/2019,2.8822,3.0995
05/01/2019,2.8825,3.1014
05/02/2019,2.8884,3.1032
05/03/2019,2.8949,3.1034
05/04/2019,2.895,3.1037
05/05/2019,2.8944,3.1054
05/06/2019,2.8946,3.1055
05/07/2019,2.8887,3.1032
05/08/2019,2.8832,3.1044
05/09/2019,2.8767,3.1041
05/10/2019,2.8719,3.103
05/11/2019,2.8661,3.1006
05/12/2019,2.8629,3.1013
05/13/2019,2.862,3.1003
05/14/2019,2.8597,3.0978
05/15/2019,2.8623,3.098
05/16/2019,2.861,3.0981
05/17/2019,2.859,3.0978
05/18/2019,2.8544,3.0976
05/19/2019,2.8506,3.0998
05/20/2019,2.8504,3.099
05/21/2019,2.8453,3.0995
05/22/2019,2.8428,3.1003
05/23/2019,2.845,3.1001
05/24/2019,2.8455,3.1
05/25/2019,2.8383,3.0988
05/26/2019,2.833,3.0979
05/27/2019,2.8318,3.0956
05/28/2019,2.8272,3.0941
05/29/2019,2.8184,3.0916
05/30/2019,2.8201,3.0908
05/31/2019,2.8249,3.0883
06/01/2019,2.8202,3.0852
06/02/2019,2.8156,3.0843
06/03/2019,2.8127,3.0826
06/04/2019,2.8033,3.0767
06/05/2019,2.7948,3.0721
06/06/2019,2.7834,3.0663
06/07/2019,2.7707,3.0607
06/08/2019,2.7578,3.0546
06/09/2019,2.75,3.0527
06/10/2019,2.746,3.0501
06/11/2019,2.7329,3.0416
06/12/2019,2.7234,3.0363
06/13/2019,2.7159,3.0307
06/14/2019,2.7074,3.0256
06/15/2019,2.696,3.0201
06/16/2019,2.6892,3.0178
06/17/2019,2.6852,3.0142
06/18/2019,2.679,3.008
06/19/2019,2.6756,3.0052
06/20/2019,2.6692,3.0012
06/21/2019,2.666,2.9976
06/22/2019,2.6629,2.9945
06/23/2019,2.661,2.9943
06/24/2019,2.6619,2.993
06/25/2019,2.671,2.9914
06/26/2019,2.684,2.9923
06/27/2019,2.6931,2.993
06/28/2019,2.7083,2.9951
06/29/2019,2.7156,2.9966
06/30/2019,2.7162,2.9971
07/01/2019,2.7172,2.9973
07/02/2019,2.7303,3.0013
07/03/2019,2.7481,3.0059
07/04/2019,2.7579,3.0071
07/05/2019,2.7591,3.0074
07/06/2019,2.7569,3.0068
07/07/2019,2.7548,3.008
07/08/2019,2.7535,3.0059
07/09/2019,2.7492,3.0039
07/10/2019,2.7496,3.0034
07/11/2019,2.7552,3.0031
07/12/2019,2.7746,3.0041
07/13/2019,2.7858,3.0064
07/14/2019,2.7887,3.0091
07/15/2019,2.7917,3.0098
07/16/2019,2.7932,3.0097
07/17/2019,2.7933,3.01
07/18/2019,2.7903,3.0093
07/19/2019,2.7839,3.0072
07/20/2019,2.7756,3.0052
07/21/2019,2.7699,3.0043
07/22/2019,2.7671,3.001
07/23/2019,2.7576,2.9989
07/24/2019,2.7503,2.9975
07/25/2019,2.7508,2.9955
07/26/2019,2.7493,2.9929
07/27/2019,2.7423,2.9923
07/28/2019,2.7374,2.9919
07/29/2019,2.7352,2.9897
07/30/2019,2.7268,2.9885
07/31/2019,2.7209,2.9879
08/01/2019,2.7192,2.9871
08/02/2019,2.7206,2.9871
08/03/2019,2.7155,2.9866
08/04/2019,2.7119,2.9864
08/05/2019,2.7097,2.9855
08/06/2019,2.7017,2.9821
08/07/2019,2.6935,2.9804
08/08/2019,2.6836,2.9769
08/09/2019,2.6715,2.9729
08/10/2019,2.6598,2.9693
08/11/2019,2.6523,2.9676
08/12/2019,2.648,2.9647
08/13/2019,2.6433,2.9604
08/14/2019,2.6423,2.958
08/15/2019,2.641,2.9561
08/16/2019,2.6362,2.9539
08/17/2019,2.6272,2.9521
08/18/2019,2.6213,2.9504
08/19/2019,2.6175,2.9483
08/20/2019,2.609,2.945
08/21/2019,2.6028,2.9453
08/22/2019,2.6007,2.9424
08/23/2019,2.6023,2.9415
08/24/2019,2.5975,2.9398
08/25/2019,2.5926,2.939
08/26/2019,2.591,2.9374
08/27/2019,2.5854,2.9345
08/28/2019,2.5826,2.9333
08/29/2019,2.5792,2.9326
08/30/2019,2.5805,2.9311
08/31/2019,2.5798,2.93
09/01/2019,2.5777,2.9306
09/02/2019,2.5767,2.9305
09/03/2019,2.5731,2.9287
09/04/2019,2.5733,2.928
09/05/2019,2.5734,2.9271
09/06/2019,2.5699,2.9266
09/07/2019,2.5651,2.9261
09/08/2019,2.5623,2.9261
09/09/2019,2.5614,2.924
09/10/2019,2.5607,2.9221
09/11/2019,2.5679,2.9248
09/12/2019,2.5712,2.9265
09/13/2019,2.5704,2.9278
09/14/2019,2.5669,2.9278
09/15/2019,2.5647,2.927
09/16/2019,2.564,2.9255
09/17/2019,2.5922,2.9388
09/18/2019,2.651,2.972
09/19/2019,2.6671,2.9901
09/20/2019,2.6693,2.9997
09/21/2019,2.6691,3.0073
09/22/2019,2.6676,3.0116
09/23/2019,2.6674,3.0132
09/24/2019,2.6599,3.0138
09/25/2019,2.6568,3.0148
09/26/2019,2.6554,3.0148
09/27/2019,2.6522,3.0146
09/28/2019,2.6521,3.0141
09/29/2019,2.6529,3.0149
09/30/2019,2.6541,3.0155
10/01/2019,2.6553,3.0116
10/02/2019,2.6618,3.0119
10/03/2019,2.6644,3.0104
10/04/2019,2.6634,3.0086
10/05/2019,2.6576,3.0068
10/06/2019,2.6544,3.0066
10/07/2019,2.6531,3.0058
10/08/2019,2.6476,3.0018
10/09/2019,2.6456,3.0013
10/10/2019,2.6452,2.9998
10/11/2019,2.6409,2.999
10/12/2019,2.6376,2.9992
10/13/2019,2.6365,3.0014
10/14/2019,2.6359,2.9997
10/15/2019,2.642,2.9981
10/16/2019,2.6545,2.9989
10/17/2019,2.658,2.9983
10/18/2019,2.6557,2.9977
10/19/2019,2.6504,2.9983
10/20/2019,2.6494,3.0008
10/21/2019,2.6482,2.9962
10/22/2019,2.6411,2.9966
10/23/2019,2.6285,2.996
10/24/2019,2.6203,2.996
10/25/2019,2.6159,2.9969
10/26/2019,2.6091,2.9989
10/27/2019,2.6056,3.002
10/28/2019,2.603,3.0021
10/29/2019,2.6017,3.0009
10/30/2019,2.6106,3.0038
10/31/2019,2.6139,3.0063
11/01/2019,2.6137,3.0077
11/02/2019,2.6104,3.0076
11/03/2019,2.6082,3.009
11/04/2019,2.6076,3.0089
11/05/2019,2.6125,3.0069
11/06/2019,2.623,3.0089
11/07/2019,2.6281,3.0106
11/08/2019,2.6283,3.0127
11/09/2019,2.6241,3.0134
11/10/2019,2.6205,3.0143
11/11/2019,2.618,3.0137
11/12/2019,2.6109,3.0118
11/13/2019,2.609,3.0139
11/14/2019,2.6069,3.014
11/15/2019,2.6062,3.0131
11/16/2019,2.6029,3.012
11/17/2019,2.5998,3.0107
11/18/2019,2.5972,3.0102
11/19/2019,2.5948,3.0087
11/20/2019,2.5951,3.0087
11/21/2019,2.5911,3.0072
11/22/2019,2.5912,3.006
11/23/2019,2.5924,3.0067
11/24/2019,2.5914,3.0073
11/25/2019,2.5898,3.0075
11/26/2019,2.5884,3.0072
11/27/2019,2.5889,3.0088
11/28/2019,2.5881,3.0096
11/29/2019,2.5872,3.0101
11/30/2019,2.5883,3.008
12/01/2019,2.5907,3.011
12/02/2019,2.589,3.0089
12/03/2019,2.59,3.007
12/04/2019,2.5963,3.008
12/05/2019,2.5955,3.007
12/06/2019,2.5887,3.0043
12/07/2019,2.5811,3.0025
12/08/2019,2.5767,3.0015
12/09/2019,2.5734,2.9984
12/10/2019,2.5704,2.9968
12/11/2019,2.5726,2.9986
12/12/2019,2.571,2.9979
12/13/2019,2.5663,2.9962
12/14/2019,2.5597,2.9948
12/15/2019,2.5559,2.9947
12/16/2019,2.553,2.9922
12/17/2019,2.5498,2.9921
12/18/2019,2.5498,2.9939
12/19/2019,2.5514,2.9955
12/20/2019,2.5527,2.9958
12/21/2019,2.5509,2.9955
12/22/2019,2.5492,2.9962
12/23/2019,2.5484,2.9939
12/24/2019,2.548,2.9947
12/25/2019,2.5475,2.9974
12/26/2019,2.5495,2.999
12/27/2019,2.5569,2.9953
12/28/2019,2.573,2.9998
12/29/2019,2.5781,3.0032
12/30/2019,2.5812,3.0033
12/31/2019,2.5831,3.0039
01/01/2020,2.5854,3.0068
01/02/2020,2.5855,3.0074
01/03/2020,2.5849,3.0095
01/04/2020,2.5852,3.0131
01/05/2020,2.5851,3.0156
01/06/2020,2.5842,3.0155
01/07/2020,2.5854,3.0163
01/08/2020,2.5962,3.0174
01/09/2020,2.5999,3.0173
01/10/2020,2.5952,3.0164
01/11/2020,2.588,3.0148
01/12/2020,2.5835,3.0139
01/13/2020,2.5806,3.0122
01/14/2020,2.5753,3.009
01/15/2020,2.5712,3.0078
01/16/2020,2.5666,3.0049
01/17/2020,2.56,3.0012
01/18/2020,2.5535,2.9987
01/19/2020,2.5504,2.9997
01/20/2020,2.5475,2.9956
01/21/2020,2.5425,2.9909
01/22/2020,2.544,2.9898
01/23/2020,2.5403,2.9865
01/24/2020,2.534,2.9831
01/25/2020,2.5257,2.9785
01/26/2020,2.5207,2.9759
01/27/2020,2.5165,2.9717
01/28/2020,2.5055,2.9674
01/29/2020,2.4956,2.9636
01/30/2020,2.489,2.9582
01/31/2020,2.4848,2.9522
02/01/2020,2.4772,2.9474
02/02/2020,2.4734,2.9449
02/03/2020,2.4698,2.9417
02/04/2020,2.4633,2.9347
02/05/2020,2.4579,2.9297
02/06/2020,2.4523,2.9249
02/07/2020,2.448,2.9184
02/08/2020,2.4401,2.9128
02/09/2020,2.435,2.9109
02/10/2020,2.4315,2.9059
02/11/2020,2.4264,2.9004
02/12/2020,2.4247,2.8978
02/13/2020,2.4264,2.8942
02/14/2020,2.4376,2.8902
02/15/2020,2.4411,2.8861
02/16/2020,2.4402,2.8857
02/17/2020,2.4391,2.8818
02/18/2020,2.4413,2.8771
02/19/2020,2.4503,2.8794
02/20/2020,2.4591,2.8793
02/21/2020,2.468,2.8777
02/22/2020,2.4734,2.8763
02/23/2020,2.4736,2.8759
02/24/2020,2.4739,2.8725
02/25/2020,2.4721,2.8722
02/26/2020,2.4716,2.8711
02/27/2020,2.4674,2.8673
02/28/2020,2.4584,2.8612
02/29/2020,2.4473,2.8559
03/01/2020,2.4405,2.8526
03/02/2020,2.4348,2.8482
03/03/2020,2.424,2.8428
03/04/2020,2.4158,2.84
03/05/2020,2.4083,2.8359
03/06/2020,2.4041,2.8314
03/07/2020,2.3964,2.8251
03/08/2020,2.3877,2.8206
03/09/2020,2.3807,2.8136
03/10/2020,2.3646,2.8038
03/11/2020,2.345,2.7952
03/12/2020,2.3246000000000002,2.7827
03/13/2020,2.3034,2.7701
03/14/2020,2.281,2.7578
03/15/2020,2.2678,2.7505
03/16/2020,2.2569,2.7408
03/17/2020,2.2367,2.7299
03/18/2020,2.2171,2.7212
03/19/2020,2.1958,2.7096
03/20/2020,2.1735,2.6967
03/21/2020,2.1529,2.6846
03/22/2020,2.1398,2.6776
03/23/2020,2.1293,2.6675
03/24/2020,2.1085,2.658
03/25/2020,2.0891,2.6504
03/26/2020,2.069,2.6394
03/27/2020,2.0506,2.6298
03/28/2020,2.0329,2.6215
03/29/2020,2.0223,2.6162
03/30/2020,2.0126,2.608
03/31/2020,1.9973,2.6
04/01/2020,1.9843,2.5964
04/02/2020,1.9702,2.589
04/03/2020,1.9563,2.5805
04/04/2020,1.9442,2.576
04/05/2020,1.9361,2.5731
04/06/2020,1.9294,2.5667
04/07/2020,1.9177,2.5591
04/08/2020,1.9076,2.5571
04/09/2020,1.8955,2.5508
04/10/2020,1.8833,2.542
04/11/2020,1.8726,2.5362
04/12/2020,1.8661,2.5352
04/13/2020,1.8617,2.5328
04/14/2020,1.8506,2.5238
04/15/2020,1.8429,2.5204
04/16/2020,1.8344,2.5151
04/17/2020,1.8275,2.5106
04/18/2020,1.8209,2.5053
04/19/2020,1.8169,2.5035
04/20/2020,1.8141,2.4994
04/21/2020,1.8062,2.4934
04/22/2020,1.8,2.4896
04/23/2020,1.7919,2.4825
04/24/2020,1.7858,2.4769
04/25/2020,1.78,2.4704
04/26/2020,1.777,2.4672
04/27/2020,1.7741,2.4621
04/28/2020,1.7685,2.4545
04/29/2020,1.7682,2.4502
04/30/2020,1.7724,2.4449
05/01/2020,1.777,2.4401
05/02/2020,1.7815,2.4368
05/03/2020,1.7837,2.4373
05/04/2020,1.784,2.4336
05/05/2020,1.7848,2.4293
05/06/2020,1.7951,2.4285
05/07/2020,1.8125,2.4265
05/08/2020,1.8257,2.4232
05/09/2020,1.8389,2.4219
05/10/2020,1.8438,2.4214
05/11/2020,1.8475,2.4202
05/12/2020,1.854,2.4177
05/13/2020,1.8605,2.4179
05/14/2020,1.8658,2.4168
05/15/2020,1.8689,2.4142
05/16/2020,1.8733,2.4128
05/17/2020,1.8766,2.4141
05/18/2020,1.8791,2.4119
05/19/2020,1.8892,2.4101
05/20/2020,1.9078,2.4112
05/21/2020,1.9256,2.412
05/22/2020,1.9424,2.412
05/23/2020,1.953,2.4136
05/24/2020,1.9577,2.4147
05/25/2020,1.9609,2.4134
05/26/2020,1.9624,2.4121
05/27/2020,1.9635,2.4127
05/28/2020,1.9684,2.4125
05/29/2020,1.972,2.4111
05/30/2020,1.9742,2.4112
05/31/2020,1.9761,2.4123
06/01/2020,1.9776,2.4098
06/02/2020,1.9783,2.4084
06/03/2020,1.9819,2.4099
06/04/2020,1.9911,2.4093
06/05/2020,2.0029,2.4102
06/06/2020,2.0146,2.4114
06/07/2020,2.0218,2.4145
06/08/2020,2.0299,2.4143
06/09/2020,2.0522,2.4151
06/10/2020,2.0708,2.418
06/11/2020,2.0849,2.4203
06/12/2020,2.0951,2.4222
06/13/2020,2.1003,2.4229
06/14/2020,2.1022,2.4244
06/15/2020,2.1036,2.4209
06/16/2020,2.1028,2.421
06/17/2020,2.1047,2.423
06/18/2020,2.1106,2.4236
06/19/2020,2.1169,2.4252
06/20/2020,2.1234,2.4282
06/21/2020,2.1272,2.4312
06/22/2020,2.1308,2.4298
06/23/2020,2.1409,2.4322
06/24/2020,2.1572,2.4361
06/25/2020,2.1707,2.439
06/26/2020,2.1765,2.4396
06/27/2020,2.1784,2.4404
06/28/2020,2.178,2.441
06/29/2020,2.1791,2.4383
06/30/2020,2.1782,2.4363
07/01/2020,2.1789,2.4368
07/02/2020,2.179,2.4382
07/03/2020,2.1784,2.4384
07/04/2020,2.1793,2.4391
07/05/2020,2.1803,2.4398
07/06/2020,2.1803,2.4374
07/07/2020,2.1802,2.4376
07/08/2020,2.1836,2.438
07/09/2020,2.1893,2.4388
07/10/2020,2.1958,2.4399
07/11/2020,2.197,2.4402
07/12/2020,2.1978,2.4409
07/13/2020,2.199,2.4386
07/14/2020,2.1981,2.4375
07/15/2020,2.1992,2.4384
07/16/2020,2.2006,2.4385
07/17/2020,2.1997,2.4382
07/18/2020,2.1964,2.4378
07/19/2020,2.195,2.4375
07/20/2020,2.195,2.434
07/21/2020,2.1899,2.4343
07/22/2020,2.1871,2.4348
07/23/2020,2.1867,2.4343
07/24/2020,2.1864,2.4346
07/25/2020,2.1846,2.4342
07/26/2020,2.1836,2.4352
07/27/2020,2.1843,2.4317
07/28/2020,2.1852,2.4322
07/29/2020,2.1883,2.4332
07/30/2020,2.1899,2.433
07/31/2020,2.1887,2.4323
08/01/2020,2.1853,2.4311
08/02/2020,2.1832,2.4324
08/03/2020,2.1828,2.4303
08/04/2020,2.1786,2.4278
08/05/2020,2.1792,2.4284
08/06/2020,2.1815,2.4278
08/07/2020,2.1813,2.4285
08/08/2020,2.1792,2.4286
08/09/2020,2.177,2.4274
08/10/2020,2.1772,2.4272
08/11/2020,2.1738,2.4257
08/12/2020,2.1749,2.4263
08/13/2020,2.1747,2.426
08/14/2020,2.1776,2.4263
08/15/2020,2.1786,2.4255
08/16/2020,2.1783,2.4263
08/17/2020,2.1781,2.4219
08/18/2020,2.176,2.422
08/19/2020,2.1776,2.4228
08/20/2020,2.1831,2.4229
08/21/2020,2.188,2.4229
08/22/2020,2.1889,2.4218
08/23/2020,2.1892,2.4221
08/24/2020,2.1894,2.4192
08/25/2020,2.1908,2.4196
08/26/2020,2.2082,2.4243
08/27/2020,2.2266,2.4271
08/28/2020,2.2341,2.4309
08/29/2020,2.2344,2.4322
08/30/2020,2.2331,2.4299
08/31/2020,2.233,2.4275
09/01/2020,2.2324,2.4274
09/02/2020,2.2338,2.4286
09/03/2020,2.2318,2.4291
09/04/2020,2.2282,2.4277
09/05/2020,2.224,2.4264
09/06/2020,2.2217,2.4258
09/07/2020,2.2214,2.4217
09/08/2020,2.2182,2.4197
09/09/2020,2.213,2.4212
09/10/2020,2.2081,2.4206
09/11/2020,2.2035,2.4179
09/12/2020,2.1972,2.415
09/13/2020,2.1946,2.4138
09/14/2020,2.1925,2.4102
09/15/2020,2.1861,2.4085
09/16/2020,2.1822,2.4087
09/17/2020,2.1819,2.4074
09/18/2020,2.1822,2.4058
09/19/2020,2.1815,2.404
09/20/2020,2.1809,2.4032
09/21/2020,2.1805,2.3981
09/22/2020,2.1832,2.3998
09/23/2020,2.1935,2.4015
09/24/2020,2.1955,2.4001
09/25/2020,2.1933,2.3981
09/26/2020,2.189,2.3963
09/27/2020,2.1873,2.3955
09/28/2020,2.1862,2.3897
09/29/2020,2.1822,2.391
09/30/2020,2.1876,2.3928
10/01/2020,2.1912,2.3916
10/02/2020,2.1915,2.392
10/03/2020,2.1887,2.391
10/04/2020,2.1869,2.3898
10/05/2020,2.1855,2.3854
10/06/2020,2.1815,2.3857
10/07/2020,2.1825,2.3865
10/08/2020,2.1871,2.3857
10/09/2020,2.189,2.3854
10/10/2020,2.1879,2.3853
10/11/2020,2.1871,2.3869
10/12/2020,2.1867,2.3822
10/13/2020,2.1812,2.3805
10/14/2020,2.1798,2.3825
10/15/2020,2.1778,2.3823
10/16/2020,2.1756,2.3821
10/17/2020,2.172,2.3815
10/18/2020,2.1691,2.3809
10/19/2020,2.1671,2.376
10/20/2020,2.1638,2.3762
10/21/2020,2.1639,2.3789
10/22/2020,2.1659,2.3787
10/23/2020,2.1658,2.3766
10/24/2020,2.163,2.3762
10/25/2020,2.1615,2.3764
10/26/2020,2.1598,2.3726
10/27/2020,2.1544,2.3726
10/28/2020,2.1515,2.3742
10/29/2020,2.147,2.3725
10/30/2020,2.1417,2.3706
10/31/2020,2.1356,2.3678
11/01/2020,2.131,2.3651
11/02/2020,2.1287,2.3628
11/03/2020,2.1218,2.3629
11/04/2020,2.1185,2.3628
11/05/2020,2.1169,2.3631
11/06/2020,2.1188,2.3636
11/07/2020,2.1169,2.3651
11/08/2020,2.1142,2.364
11/09/2020,2.1113,2.3621
11/10/2020,2.1107,2.3648
11/11/2020,2.1174,2.3714
11/12/2020,2.126,2.3766
11/13/2020,2.1299,2.3819
11/14/2020,2.1286,2.3858
11/15/2020,2.1257,2.3858
11/16/2020,2.1249,2.3849
11/17/2020,2.1207,2.3866
11/18/2020,2.1198,2.3898
11/19/2020,2.1177,2.3911
11/20/2020,2.1151,2.3926
11/21/2020,2.1125,2.3946
11/22/2020,2.1109,2.3965
11/23/2020,2.1093,2.3963
11/24/2020,2.1101,2.3999
11/25/2020,2.1164,2.4068
11/26/2020,2.119,2.4126
11/27/2020,2.1214,2.4166
11/28/2020,2.1249,2.4196
11/29/2020,2.1276,2.4233
11/30/2020,2.1275,2.4221
12/01/2020,2.14,2.426
12/02/2020,2.159,2.4335
12/03/2020,2.164,2.4377
12/04/2020,2.1639,2.4406
12/05/2020,2.1614,2.444
12/06/2020,2.1609,2.4463
12/07/2020,2.1602,2.4468
12/08/2020,2.1585,2.4497
12/09/2020,2.1582,2.4542
12/10/2020,2.1575,2.4573
12/11/2020,2.1592,2.4601
12/12/2020,2.1624,2.4675
12/13/2020,2.1635,2.4713
12/14/2020,2.1636,2.4723
12/15/2020,2.1722,2.4798
12/16/2020,2.1897,2.49
12/17/2020,2.2034,2.4983
12/18/2020,2.2102,2.5039
12/19/2020,2.2156,2.5114
12/20/2020,2.2182,2.5179
12/21/2020,2.2206,2.5222
12/22/2020,2.2372,2.5326
12/23/2020,2.2474,2.5411
12/24/2020,2.2504,2.5463
12/25/2020,2.2515,2.5501
12/26/2020,2.2551,2.5562
12/27/2020,2.2535,2.5526
12/28/2020,2.2517,2.5527
12/29/2020,2.2496,2.5541
12/30/2020,2.2513,2.559
12/31/2020,2.2529,2.5629
01/01/2021,2.2543,2.5655
01/02/2021,2.2553,2.5677
01/03/2021,2.2561,2.5656
01/04/2021,2.2555,2.5664
01/05/2021,2.2612,2.5686
01/06/2021,2.2719,2.5732
01/07/2021,2.2887,2.5785
01/08/2021,2.3024,2.5839
01/09/2021,2.3092,2.5876
01/10/2021,2.3135,2.5911
01/11/2021,2.3178,2.5941
01/12/2021,2.3325,2.6
01/13/2021,2.3499,2.6046
01/14/2021,2.3653,2.611
01/15/2021,2.3783,2.6178
01/16/2021,2.3834,2.6215
01/17/2021,2.3849,2.6249
01/18/2021,2.3859,2.6247
01/19/2021,2.3888,2.6253
01/20/2021,2.3933,2.6295
01/21/2021,2.3957,2.6339
01/22/2021,2.3985,2.636
01/23/2021,2.3996,2.6376
01/24/2021,2.3994,2.6388
01/25/2021,2.3999,2.6388
01/26/2021,2.4004,2.6396
01/27/2021,2.4084,2.644
01/28/2021,2.4186,2.6469
01/29/2021,2.422,2.6488
01/30/2021,2.4224,2.6503
01/31/2021,2.4219,2.6526
02/01/2021,2.4229,2.6543
02/02/2021,2.4243,2.6526
02/03/2021,2.4313,2.657
02/04/2021,2.443,2.6667
02/05/2021,2.4563,2.6767
02/06/2021,2.4616,2.6856
02/07/2021,2.464,2.6914
02/08/2021,2.4663,2.6955
02/09/2021,2.4685,2.7012
02/10/2021,2.4759,2.7126
02/11/2021,2.4908,2.7272
02/12/2021,2.5002,2.7401
02/13/2021,2.5035,2.7495
02/14/2021,2.5052,2.7543
02/15/2021,2.5069,2.7563
02/16/2021,2.5188,2.7745
02/17/2021,2.539,2.7905
02/18/2021,2.5752,2.8056
02/19/2021,2.6042,2.8219
02/20/2021,2.6232,2.8372
02/21/2021,2.6315,2.8465
02/22/2021,2.6354,2.8481
02/23/2021,2.645,2.8595
02/24/2021,2.6598,2.8713
02/25/2021,2.6778,2.8888
02/26/2021,2.6987,2.9079
02/27/2021,2.7124,2.9257
02/28/2021,2.7172,2.9341
03/01/2021,2.72,2.9403
03/02/2021,2.7287,2.9482
03/03/2021,2.7373,2.9562
03/04/2021,2.7452,2.9634
03/05/2021,2.7516,2.974
03/06/2021,2.7597,2.9865
03/07/2021,2.7678,2.9961
03/08/2021,2.774,3.0051
03/09/2021,2.7962,3.0197
03/10/2021,2.815,3.0342
03/11/2021,2.8264,3.0454
03/12/2021,2.8377,3.0559
03/13/2021,2.8516,3.0666
03/14/2021,2.859,3.0734
03/15/2021,2.864,3.0779
03/16/2021,2.8729,3.0882
03/17/2021,2.8794,3.0979
03/18/2021,2.8837,3.1043
03/19/2021,2.8859,3.1072
03/20/2021,2.8841,3.108
03/21/2021,2.8823,3.1079
03/22/2021,2.8821,3.1076
03/23/2021,2.8775,3.1049
03/24/2021,2.8737,3.1037
03/25/2021,2.8697,3.1026
03/26/2021,2.8662,3.1007
03/27/2021,2.8627,3.0984
03/28/2021,2.8617,3.0982
03/29/2021,2.8629,3.0978
03/30/2021,2.8692,3.0948
03/31/2021,2.8745,3.0937
04/01/2021,2.8756,3.0924
04/02/2021,2.8743,3.0905
04/03/2021,2.873,3.0886
04/04/2021,2.8734,3.0914
04/05/2021,2.8735,3.0905
04/06/2021,2.8721,3.087
04/07/2021,2.8715,3.0854
04/08/2021,2.8699,3.0841
04/09/2021,2.867,3.0831
04/10/2021,2.8647,3.0826
04/11/2021,2.8638,3.0825
04/12/2021,2.8634,3.0816
04/13/2021,2.8614,3.0785
04/14/2021,2.8619,3.0779
04/15/2021,2.8631,3.0771
04/16/2021,2.8667,3.0778
04/17/2021,2.8696,3.078
04/18/2021,2.87,3.0796
04/19/2021,2.8712,3.0801
04/20/2021,2.872,3.0787
04/21/2021,2.878,3.0791
04/22/2021,2.8851,3.08
04/23/2021,2.8871000000000002,3.0803
04/24/2021,2.8859,3.0796
04/25/2021,2.8862,3.0813
04/26/2021,2.8876,3.082
04/27/2021,2.8854,3.0788
04/28/2021,2.8854,3.0776
04/29/2021,2.8895,3.0788
04/30/2021,2.8951,3.0803
05/01/2021,2.8993,3.0832
05/02/2021,2.901,3.0863
05/03/2021,2.9041,3.087
05/04/2021,2.9133,3.0881
05/05/2021,2.9269,3.0924
05/06/2021,2.9413,3.0985
05/07/2021,2.9536,3.1037
05/08/2021,2.9598,3.1087
05/09/2021,2.9622,3.1115
05/10/2021,2.9669,3.1149
05/11/2021,2.9854,3.1249
05/12/2021,3.0082,3.1361
05/13/2021,3.0276,3.1496
05/14/2021,3.0386,3.1596
05/15/2021,3.0423,3.1663
05/16/2021,3.0436,3.1689
05/17/2021,3.0447,3.1711
05/18/2021,3.0433,3.1724
05/19/2021,3.0429,3.1724
05/20/2021,3.0431,3.175
05/21/2021,3.0423,3.176
05/22/2021,3.0398,3.1761
05/23/2021,3.0387,3.1779
05/24/2021,3.0394,3.1784
05/25/2021,3.0362,3.1769
05/26/2021,3.0353,3.1764
05/27/2021,3.0408,3.1786
05/28/2021,3.0439,3.1806
05/29/2021,3.0443,3.1827
05/30/2021,3.0446,3.1847
05/31/2021,3.0463,3.1857
06/01/2021,3.045,3.1847
06/02/2021,3.0412,3.185
06/03/2021,3.0424,3.1864
06/04/2021,3.047,3.1902
06/05/2021,3.0494,3.1936
06/06/2021,3.0507,3.1966
06/07/2021,3.053,3.199
06/08/2021,3.0602,3.2006
06/09/2021,3.0671,3.2019
06/10/2021,3.0728,3.2051
06/11/2021,3.0768,3.2082
06/12/2021,3.077,3.2113
06/13/2021,3.0781,3.2139
06/14/2021,3.0797,3.2163
06/15/2021,3.0765,3.2158
06/16/2021,3.0748,3.2167
06/17/2021,3.0748,3.2189
06/18/2021,3.0729,3.219
06/19/2021,3.0701,3.2194
06/20/2021,3.0697,3.2216
06/21/2021,3.0714,3.2247
06/22/2021,3.0692,3.2228
06/23/2021,3.0716,3.2223
06/24/2021,3.0778,3.2247
06/25/2021,3.0858,3.2289
06/26/2021,3.092,3.2337
06/27/2021,3.0945,3.2369
06/28/2021,3.0985,3.2399
06/29/2021,3.1087,3.2411
06/30/2021,3.1183,3.2429
07/01/2021,3.1232,3.2453
07/02/2021,3.1258,3.2454
07/03/2021,3.1274,3.2465
07/04/2021,3.1298,3.2491
07/05/2021,3.1337,3.2517
07/06/2021,3.1337,3.2504
07/07/2021,3.1366,3.2546
07/08/2021,3.1411,3.2572
07/09/2021,3.1429,3.2597
07/10/2021,3.143,3.2602
07/11/2021,3.1438,3.2625
07/12/2021,3.1468,3.2648
07/13/2021,3.1455,3.2636
07/14/2021,3.1473,3.2641
07/15/2021,3.1545,3.2673
07/16/2021,3.1635,3.27
07/17/2021,3.1669,3.2718
07/18/2021,3.1678,3.2737
07/19/2021,3.1699,3.2755
07/20/2021,3.166,3.2733
07/21/2021,3.1623,3.2721
07/22/2021,3.1586,3.271
07/23/2021,3.1553,3.2701
07/24/2021,3.1545,3.2701
07/25/2021,3.1545,3.2722
07/26/2021,3.156,3.2742
07/27/2021,3.1575,3.2736
07/28/2021,3.1611,3.2739
07/29/2021,3.1656,3.276
07/30/2021,3.1677,3.2783
07/31/2021,3.1706,3.2808
08/01/2021,3.1733,3.2842
08/02/2021,3.1764,3.2869
08/03/2021,3.1823,3.2889
08/04/2021,3.1884,3.2907
08/05/2021,3.1901,3.2931
08/06/2021,3.1892,3.2937
08/07/2021,3.1878,3.2938
08/08/2021,3.1882,3.2967
08/09/2021,3.1902,3.2987
08/10/2021,3.1857,3.2941
08/11/2021,3.1846,3.2932
08/12/2021,3.1857,3.294
08/13/2021,3.1861,3.2928
08/14/2021,3.1846,3.2922
08/15/2021,3.1842,3.2955
08/16/2021,3.1871,3.2967
08/17/2021,3.183,3.2936
08/18/2021,3.1796,3.2911
08/19/2021,3.1766,3.2893
08/20/2021,3.1718,3.2874
08/21/2021,3.1655,3.2836
08/22/2021,3.1626,3.2833
08/23/2021,3.1617,3.2849
08/24/2021,3.1525,3.2781
08/25/2021,3.1474,3.275
08/26/2021,3.1458,3.2741
08/27/2021,3.1473,3.275
08/28/2021,3.1479,3.275
08/29/2021,3.1477,3.276
08/30/2021,3.1508,3.2777
08/31/2021,3.1589,3.2793
09/01/2021,3.1742,3.2852
09/02/2021,3.1829,3.2889
09/03/2021,3.1843,3.2897
09/04/2021,3.1842,3.2909
09/05/2021,3.1846,3.2943
09/06/2021,3.1875,3.2975
09/07/2021,3.1861,3.297
09/08/2021,3.1813,3.2958
09/09/2021,3.1806,3.295
09/10/2021,3.1788,3.2944
09/11/2021,3.1759,3.2943
09/12/2021,3.1748,3.2951
09/13/2021,3.1762,3.296
09/14/2021,3.1772,3.2935
09/15/2021,3.1833,3.2958
09/16/2021,3.1907,3.2985
09/17/2021,3.1937,3.2997
09/18/2021,3.1933,3.3016
09/19/2021,3.1935,3.3036
09/20/2021,3.1954,3.3067
09/21/2021,3.192,3.3049
09/22/2021,3.19,3.3046
09/23/2021,3.189,3.306
09/24/2021,3.1886,3.3072
09/25/2021,3.1876,3.3096
09/26/2021,3.1871,3.3118
09/27/2021,3.1888,3.315
09/28/2021,3.1867,3.3173
09/29/2021,3.1876,3.3257
09/30/2021,3.1894,3.3314
10/01/2021,3.1922,3.3375
10/02/2021,3.1942,3.3449
10/03/2021,3.1961,3.3495
10/04/2021,3.2,3.3561
10/05/2021,3.2044,3.3652
10/06/2021,3.2207,3.3873
10/07/2021,3.2441,3.415
10/08/2021,3.2597,3.4362
10/09/2021,3.2658,3.4517
10/10/2021,3.2693,3.4597
10/11/2021,3.2736,3.4665
10/12/2021,3.2791,3.4796
10/13/2021,3.2884,3.4946
10/14/2021,3.2971,3.5084
10/15/2021,3.3057,3.519
10/16/2021,3.3141,3.5309
10/17/2021,3.3193,3.538
10/18/2021,3.3247,3.5444
10/19/2021,3.3396,3.5574
10/20/2021,3.3573,3.5691
10/21/2021,3.3692,3.579
10/22/2021,3.3778,3.5893
10/23/2021,3.3825,3.5986
10/24/2021,3.3847,3.6028
10/25/2021,3.3867,3.6058
10/26/2021,3.3887,3.6108
10/27/2021,3.3941,3.6168
10/28/2021,3.3989,3.6232
10/29/2021,3.4007,3.6296
10/30/2021,3.4006,3.6325
10/31/2021,3.4012,3.6336
11/01/2021,3.4023,3.6342
11/02/2021,3.4006,3.6355
11/03/2021,3.4034,3.636
11/04/2021,3.4151,3.6385
11/05/2021,3.4211,3.641
11/06/2021,3.4208,3.641
11/07/2021,3.4205,3.6425
11/08/2021,3.4223,3.6426
11/09/2021,3.4189,3.6421
11/10/2021,3.4172,3.6424
11/11/2021,3.4175,3.6432
11/12/2021,3.4161,3.6438
11/13/2021,3.4144,3.6449
11/14/2021,3.4135,3.6454
11/15/2021,3.4153,3.646
11/16/2021,3.4114,3.6446
11/17/2021,3.4125,3.6442
11/18/2021,3.4143,3.6452
11/19/2021,3.4127,3.6451
11/20/2021,3.4097,3.6446
11/21/2021,3.408,3.645
11/22/2021,3.409,3.6438
11/23/2021,3.4031,3.642
11/24/2021,3.3985,3.641
11/25/2021,3.3966,3.6417
11/26/2021,3.3966,3.6417
11/27/2021,3.3974,3.6422
11/28/2021,3.3945,3.6414
11/29/2021,3.3937,3.6399
11/30/2021,3.3901,3.6374
12/01/2021,3.385,3.6352
12/02/2021,3.3783,3.6316
12/03/2021,3.3704,3.6269
12/04/2021,3.3627,3.6235
12/05/2021,3.3589,3.6219
12/06/2021,3.3579,3.6203
12/07/2021,3.3495,3.6158
12/08/2021,3.3428,3.6117
12/09/2021,3.3383,3.6085
12/10/2021,3.3348,3.6052
12/11/2021,3.3302,3.6023
12/12/2021,3.3291,3.6022
12/13/2021,3.3297,3.6028
12/14/2021,3.3229,3.5983
12/15/2021,3.3184,3.5944
12/16/2021,3.3155,3.5915
12/17/2021,3.3123,3.5896
12/18/2021,3.3091,3.5882
12/19/2021,3.3074,3.5881
12/20/2021,3.3084,3.588
12/21/2021,3.3017,3.5838
12/22/2021,3.2964,3.5802
12/23/2021,3.2927,3.5782
12/24/2021,3.2891,3.576
12/25/2021,3.2875,3.5758
12/26/2021,3.2897,3.5767
12/27/2021,3.286,3.5688
12/28/2021,3.2839,3.5696
12/29/2021,3.2826,3.5703
12/30/2021,3.2847,3.5712
12/31/2021,3.2855,3.5712
01/01/2022,3.2864,3.5711
01/02/2022,3.2882,3.5718
01/03/2022,3.2884,3.5713
01/04/2022,3.2877,3.574
01/05/2022,3.2933,3.5731
01/06/2022,3.3012,3.5747
01/07/2022,3.3034,3.5785
01/08/2022,3.3037,3.5817
01/09/2022,3.3033,3.5831
01/10/2022,3.3043,3.5857
01/11/2022,3.301,3.5858
01/12/2022,3.3008,3.5879
01/13/2022,3.3043,3.5928
01/14/2022,3.3058,3.6015
01/15/2022,3.306,3.6098
01/16/2022,3.3067,3.6143
01/17/2022,3.3102,3.6174
01/18/2022,3.3137,3.6234
01/19/2022,3.3161,3.6326
01/20/2022,3.3203,3.6434
01/21/2022,3.3257,3.6531
01/22/2022,3.3282,3.6645
01/23/2022,3.3295,3.6696
01/24/2022,3.3311,3.6706
01/25/2022,3.3348,3.6778
01/26/2022,3.3425,3.6832
01/27/2022,3.3483,3.6902
01/28/2022,3.3558,3.7001
01/29/2022,3.361,3.7111
01/30/2022,3.3628,3.7175
01/31/2022,3.3658,3.7216
02/01/2022,3.3788,3.7326
02/02/2022,3.3987,3.7441
02/03/2022,3.4131,3.7572
02/04/2022,3.4228,3.7705
02/05/2022,3.4352,3.7946
02/06/2022,3.4388,3.8053
02/07/2022,3.441,3.809
02/08/2022,3.4553,3.8348
02/09/2022,3.4691,3.8541
02/10/2022,3.4769,3.8674
02/11/2022,3.48,3.8755
02/12/2022,3.4815,3.8827
02/13/2022,3.4847,3.8877
02/14/2022,3.4882,3.8915
02/15/2022,3.4983,3.9053
02/16/2022,3.5139,3.9209
02/17/2022,3.5225,3.9342
02/18/2022,3.5276,3.9423
02/19/2022,3.5291,3.9486
02/20/2022,3.5306,3.95
02/21/2022,3.5324,3.9469
02/22/2022,3.5306,3.951
02/23/2022,3.5349,3.9574
02/24/2022,3.5428,3.962
02/25/2022,3.5717,3.9795
02/26/2022,3.597,3.9965
02/27/2022,3.6043,4.0018
02/28/2022,3.6099,4.006
03/01/2022,3.6188,4.0159
03/02/2022,3.6559,4.0405
03/03/2022,3.7283,4.115
03/04/2022,3.8367,4.2587
03/05/2022,3.9216,4.4095
03/06/2022,4.009,4.5259
03/07/2022,4.0652,4.6136
03/08/2022,4.1726,4.7554
03/09/2022,4.2516,4.8825
03/10/2022,4.3177,5.0579
03/11/2022,4.3306,5.1316
03/12/2022,4.3258,5.1354
03/13/2022,4.3252,5.133
03/14/2022,4.3251,5.1307
03/15/2022,4.3161,5.1192
03/16/2022,4.3054,5.104
03/17/2022,4.2894,5.0829
03/18/2022,4.2744,5.0661
03/19/2022,4.2619,5.0554
03/20/2022,4.2554,5.0518
03/21/2022,4.2519,5.0474
03/22/2022,4.2418,5.0401
03/23/2022,4.2372,5.0419
03/24/2022,4.2364,5.0526
03/25/2022,4.2427,5.0789
03/26/2022,4.2432,5.1021
03/27/2022,4.2436,5.1168
03/28/2022,4.2457,5.1227
03/29/2022,4.2439,5.1269
03/30/2022,4.2356,5.1238
03/31/2022,4.2254,5.117
04/01/2022,4.2154,5.1088
04/02/2022,4.2002,5.1001
04/03/2022,4.1924,5.0965
04/04/2022,4.1895,5.0924
04/05/2022,4.1762,5.0826
04/06/2022,4.1639,5.0775
04/07/2022,4.1526,5.0712
04/08/2022,4.1393,5.062
04/09/2022,4.1231,5.0505
04/10/2022,4.1163,5.0465
04/11/2022,4.1136,5.0416
04/12/2022,4.0985,5.0288
04/13/2022,4.0833,5.0187
04/14/2022,4.0741,5.0117
04/15/2022,4.0731,5.0115
04/16/2022,4.0769,5.0208
04/17/2022,4.0802,5.0284
04/18/2022,4.0867000000000004,5.0328
04/19/2022,4.1013,5.0444
04/20/2022,4.1143,5.0564
04/21/2022,4.1197,5.0648
04/22/2022,4.1202,5.0693
04/23/2022,4.1196,5.0737
04/24/2022,4.1203,5.077
04/25/2022,4.1227,5.0771
04/26/2022,4.1311,5.0813
04/27/2022,4.1338,5.0935
04/28/2022,4.1406,5.1229
04/29/2022,4.1592,5.1803
04/30/2022,4.1783,5.2561
05/01/2022,4.1869,5.2961
05/02/2022,4.1939,5.3214
05/03/2022,4.2043,5.3702
05/04/2022,4.2263,5.4282
05/05/2022,4.2465,5.4731
05/06/2022,4.2785,5.5098
05/07/2022,4.301,5.5308
05/08/2022,4.3168,5.539
05/09/2022,4.3282,5.5404
05/10/2022,4.3738,5.55
05/11/2022,4.4037,5.5535
05/12/2022,4.4177,5.557
05/13/2022,4.4318,5.5604
05/14/2022,4.452,5.5647
05/15/2022,4.4703,5.568
05/16/2022,4.4832,5.5659
05/17/2022,4.5229,5.5732
05/18/2022,4.5673,5.5775
05/19/2022,4.5894,5.5765
05/20/2022,4.5925,5.5699
05/21/2022,4.5926,5.5637
05/22/2022,4.5933,5.5601
05/23/2022,4.5964,5.5537
05/24/2022,4.5975,5.5491
05/25/2022,4.5988,5.5438
05/26/2022,4.5996,5.5379
05/27/2022,4.5986,5.5304
05/28/2022,4.6013,5.5283
05/29/2022,4.6098,5.5291
05/30/2022,4.6185,5.523
05/31/2022,4.6222,5.5214
06/01/2022,4.6708,5.5383
06/02/2022,4.7154,5.5556
06/03/2022,4.7615,5.5809
06/04/2022,4.8194,5.6174
06/05/2022,4.8483,5.6363
06/06/2022,4.8655,5.6448
06/07/2022,4.919,5.6845
06/08/2022,4.9545,5.7189
06/09/2022,4.9696,5.7397
06/10/2022,4.9864,5.7535
06/11/2022,5.0038,5.7653
06/12/2022,5.0098,5.7706
06/13/2022,5.0143,5.7696
06/14/2022,5.0165,5.7754
06/15/2022,5.0143,5.7801
06/16/2022,5.0094,5.7858
06/17/2022,5.0004,5.7984
06/18/2022,4.9891,5.811
06/19/2022,4.9826,5.8159
06/20/2022,4.9807,5.8146
06/21/2022,4.9675,5.8121
06/22/2022,4.9546,5.812
06/23/2022,4.9401,5.8079
06/24/2022,4.9255,5.8047
06/25/2022,4.9082,5.7987
06/26/2022,4.8999,5.797
06/27/2022,4.8973,5.794
06/28/2022,4.8813,5.7871
06/29/2022,4.8677,5.7799
06/30/2022,4.8567,5.7717
07/01/2022,4.8422,5.7603
07/02/2022,4.8223,5.7463
07/03/2022,4.8121,5.7419
07/04/2022,4.8072,5.7349
07/05/2022,4.7997,5.7256
07/06/2022,4.7795,5.7165
07/07/2022,4.7516,5.6982
07/08/2022,4.7213,5.6747
07/09/2022,4.696,5.6563
07/10/2022,4.6839,5.6496
07/11/2022,4.6775,5.6424
07/12/2022,4.6549,5.6249
07/13/2022,4.6311,5.6105
07/14/2022,4.6054,5.5922
07/15/2022,4.5772,5.5724
07/16/2022,4.548,5.5535
07/17/2022,4.5319,5.5444
07/18/2022,4.5214,5.5353
07/19/2022,4.495,5.5147
07/20/2022,4.4673,5.4968
07/21/2022,4.4403,5.4756
07/22/2022,4.4131,5.4548
07/23/2022,4.3817,5.4324
07/24/2022,4.3659,5.4222
07/25/2022,4.3553,5.4119
07/26/2022,4.327,5.3861
07/27/2022,4.3022,5.3647
07/28/2022,4.2778,5.3409
07/29/2022,4.255,5.3193
07/30/2022,4.2324,5.3001
07/31/2022,4.2203,5.2907
08/01/2022,4.2124,5.2792
08/02/2022,4.1886,5.2574
08/03/2022,4.1628,5.2374
08/04/2022,4.1389,5.215
08/05/2022,4.1133,5.1929
08/06/2022,4.0842,5.1692
08/07/2022,4.0691,5.1582
08/08/2022,4.0591,5.143
08/09/2022,4.0331,5.1197
08/10/2022,4.0101,5.0976
08/11/2022,3.9904,5.0768
08/12/2022,3.9779,5.06
08/13/2022,3.965,5.0472
08/14/2022,3.9594,5.0407
08/15/2022,3.9561,5.0327
08/16/2022,3.9494,5.0207
08/17/2022,3.9427,5.0114
08/18/2022,3.9309,4.9989
08/19/2022,3.9184,4.9898
08/20/2022,3.9084,4.984
08/21/2022,3.904,4.9819
08/22/2022,3.9014,4.9771
08/23/2022,3.8923,4.9735
08/24/2022,3.8831,4.9768
08/25/2022,3.8777,4.9889
08/26/2022,3.8687,5.0145
08/27/2022,3.8575,5.038
08/28/2022,3.8528,5.0502
08/29/2022,3.8503,5.0571
08/30/2022,3.8439,5.0734
08/31/2022,3.8408,5.0831
09/01/2022,3.8289,5.0858
09/02/2022,3.8095,5.0763
09/03/2022,3.7964,5.0739
09/04/2022,3.7893,5.0719
09/05/2022,3.7861,5.0679
09/06/2022,3.7785,5.0593
09/07/2022,3.764,5.0495
09/08/2022,3.7512,5.0399
09/09/2022,3.7379,5.029
09/10/2022,3.7238,5.0174
09/11/2022,3.7184,5.0133
09/12/2022,3.7162,5.0109
09/13/2022,3.7069,5.0007
09/14/2022,3.7032,4.9952
09/15/2022,3.698,4.9886
09/16/2022,3.6919,4.9773
09/17/2022,3.6823,4.9655
09/18/2022,3.6783,4.9595
09/19/2022,3.677,4.9502
09/20/2022,3.6742,4.9361
09/21/2022,3.6813,4.9282
09/22/2022,3.6838,4.9192
09/23/2022,3.6892,4.9109
09/24/2022,3.7,4.9061
09/25/2022,3.7141,4.9053
09/26/2022,3.7247,4.899
09/27/2022,3.7469,4.8901
09/28/2022,3.7646,4.8837
09/29/2022,3.7816,4.8776
09/30/2022,3.7967,4.8757
10/01/2022,3.7999,4.8728
10/02/2022,3.796,4.8726
10/03/2022,3.7986,4.8696
10/04/2022,3.805,4.8631
10/05/2022,3.831,4.8656
10/06/2022,3.8671,4.8825
10/07/2022,3.8911,4.9161
10/08/2022,3.9037,4.9853
10/09/2022,3.9105,5.0299
10/10/2022,3.9186,5.0639
10/11/2022,3.9228,5.1216
10/12/2022,3.9219,5.1597
10/13/2022,3.9134,5.1894
10/14/2022,3.9026,5.2147
10/15/2022,3.8924,5.252
10/16/2022,3.8876,5.2706
10/17/2022,3.8875,5.2842
10/18/2022,3.8705,5.3041
10/19/2022,3.8536,5.3237
10/20/2022,3.836,5.3359
10/21/2022,3.8203,5.3404
10/22/2022,3.8031,5.3339
10/23/2022,3.7953,5.3315
10/24/2022,3.793,5.3259
10/25/2022,3.7753,5.3222
10/26/2022,3.7636,5.3163
10/27/2022,3.7602,5.3092
10/28/2022,3.761,5.3078
10/29/2022,3.7614,5.3115
10/30/2022,3.7614,5.3145
10/31/2022,3.7619,5.3091
11/01/2022,3.7576,5.312
11/02/2022,3.7651,5.3102
11/03/2022,3.7783,5.3084
11/04/2022,3.7919,5.311
11/05/2022,3.7974,5.325
11/06/2022,3.8,5.3343
11/07/2022,3.8037,5.3385
11/08/2022,3.804,5.3506
11/09/2022,3.8055,5.3571
11/10/2022,3.8028,5.3622
11/11/2022,3.7943,5.3677
11/12/2022,3.783,5.3652
11/13/2022,3.7765,5.3623
11/14/2022,3.773,5.3592
11/15/2022,3.7586,5.3583
11/16/2022,3.7426,5.3521
11/17/2022,3.7255,5.3421
11/18/2022,3.7066,5.3297
11/19/2022,3.6838,5.3159
11/20/2022,3.6705,5.3071
11/21/2022,3.6621,5.2976
11/22/2022,3.6361,5.2857
11/23/2022,3.6091,5.2688
11/24/2022,3.5857,5.2516
11/25/2022,3.5782,5.2476
11/26/2022,3.5656,5.2344
11/27/2022,3.5548,5.2283
11/28/2022,3.5459,5.2148
11/29/2022,3.5214,5.1989
11/30/2022,3.4948,5.1783
12/01/2022,3.4701,5.1543
12/02/2022,3.4484,5.1318
12/03/2022,3.4254,5.1098
12/04/2022,3.4127,5.095
12/05/2022,3.4032,5.0775
12/06/2022,3.38,5.0582
12/07/2022,3.355,5.0309
12/08/2022,3.3293,5.0004
12/09/2022,3.3147,4.9806
12/10/2022,3.2948,4.9573
12/11/2022,3.2767,4.9385
12/12/2022,3.2619,4.9173
12/13/2022,3.2448,4.8903
12/14/2022,3.214,4.8561
12/15/2022,3.1933,4.8307
12/16/2022,3.1778,4.8086
12/17/2022,3.1589,4.7879
12/18/2022,3.1491,4.7777
12/19/2022,3.1422,4.7655
12/20/2022,3.1235,4.7452
12/21/2022,3.1085,4.7271
12/22/2022,3.101,4.7086
12/23/2022,3.0961,4.6965
12/24/2022,3.0971,4.6941
12/25/2022,3.1018,4.69
12/26/2022,3.1019,4.6844
12/27/2022,3.1045,4.6706
12/28/2022,3.133,4.6745
12/29/2022,3.1594,4.6774
12/30/2022,3.1793,4.6797
12/31/2022,3.1946,4.6803
01/01/2023,3.2079,4.6807
01/02/2023,3.2155,4.6781
01/03/2023,3.228,4.6794
01/04/2023,3.2601,4.6877
01/05/2023,3.2848,4.6854
01/06/2023,3.2899,4.6766
01/07/2023,3.2847,4.6665
01/08/2023,3.2813,4.663
01/09/2023,3.2805,4.6533
01/10/2023,3.2704,4.6383
01/11/2023,3.2671,4.6267
01/12/2023,3.2719,4.6181
01/13/2023,3.285,4.6149
01/14/2023,3.2938,4.6086
01/15/2023,3.3002,4.6063
01/16/2023,3.3055,4.5966
01/17/2023,3.3273,4.6008
01/18/2023,3.3588,4.6076
01/19/2023,3.3786,4.6118
01/20/2023,3.3915,4.6141
01/21/2023,3.4055,4.6175
01/22/2023,3.4154,4.6223
01/23/2023,3.4226,4.6209
01/24/2023,3.4457,4.636
01/25/2023,3.481,4.6622
01/26/2023,3.5015,4.6814
01/27/2023,3.5092,4.6888
01/28/2023,3.5099,4.6895
01/29/2023,3.5086,4.6865
01/30/2023,3.508,4.6756
01/31/2023,3.5051,4.6784
02/01/2023,3.5005,4.6781
02/02/2023,3.4979,4.6749
02/03/2023,3.4914,4.6646
02/04/2023,3.4816,4.6507
02/05/2023,3.475,4.6392
02/06/2023,3.4702,4.6243
02/07/2023,3.4572,4.6145
02/08/2023,3.4452,4.6039
02/09/2023,3.437,4.593
02/10/2023,3.4306,4.5813
02/11/2023,3.4238,4.5708
02/12/2023,3.4194,4.5625
02/13/2023,3.4163,4.5494
02/14/2023,3.4139,4.5439
02/15/2023,3.4177,4.5419
02/16/2023,3.422,4.5341
02/17/2023,3.4212,4.5246
02/18/2023,3.4173,4.5147
02/19/2023,3.4128,4.5054
02/20/2023,3.4097,4.4911
02/21/2023,3.4025,4.4804
02/22/2023,3.3968,4.4759
02/23/2023,3.3932,4.4656
02/24/2023,3.3848,4.4512
02/25/2023,3.3735,4.4354
02/26/2023,3.368,4.4267
02/27/2023,3.3654,4.4138
02/28/2023,3.3568,4.4086
03/01/2023,3.3587,4.4004
03/02/2023,3.3736,4.3925
03/03/2023,3.3896,4.3885
03/04/2023,3.3994,4.3868
03/05/2023,3.4019,4.3846
03/06/2023,3.4053,4.3748
03/07/2023,3.4173,4.3756
03/08/2023,3.4456,4.3765
03/09/2023,3.467,4.3715
03/10/2023,3.4742,4.364
03/11/2023,3.4736,4.3575
03/12/2023,3.4717,4.3499
03/13/2023,3.4734,4.34
03/14/2023,3.4655,4.3391
03/15/2023,3.4656,4.3349
03/16/2023,3.4639,4.3267
03/17/2023,3.4571,4.3195
03/18/2023,3.4494,4.3097
03/19/2023,3.4456,4.3023
03/20/2023,3.4434,4.2876
03/21/2023,3.4356,4.2843
03/22/2023,3.4355,4.2792
03/23/2023,3.4378,4.2698
03/24/2023,3.441,4.263
03/25/2023,3.4398,4.2578
03/26/2023,3.4386,4.2534
03/27/2023,3.4386,4.238
03/28/2023,3.4348,4.2376
03/29/2023,3.4606,4.2396
03/30/2023,3.4879,4.2358
03/31/2023,3.5007,4.2281
04/01/2023,3.5039,4.2217
04/02/2023,3.5049,4.2167
04/03/2023,3.5056,4.2038
04/04/2023,3.5068,4.2074
04/05/2023,3.5278,4.2112
04/06/2023,3.5529,4.2094
04/07/2023,3.5809,4.2078
04/08/2023,3.5952,4.2083
04/09/2023,3.6007,4.2065
04/10/2023,3.6044,4.1951
04/11/2023,3.6084,4.1988
04/12/2023,3.6213,4.206
04/13/2023,3.645,4.2079
04/14/2023,3.6623,4.2095
04/15/2023,3.6676,4.2077
04/16/2023,3.6691,4.2059
04/17/2023,3.673,4.1957
04/18/2023,3.676,4.2006
04/19/2023,3.6837,4.2033
04/20/2023,3.6855,4.1985
04/21/2023,3.6816,4.193
04/22/2023,3.6736,4.1853
04/23/2023,3.669,4.1804
04/24/2023,3.6672,4.1665
04/25/2023,3.6558,4.1668
04/26/2023,3.6461,4.1642
04/27/2023,3.6363,4.1564
04/28/2023,3.6268,4.1468
04/29/2023,3.6154,4.1366
04/30/2023,3.6107,4.1308
05/01/2023,3.6096,4.1135
05/02/2023,3.5962,4.1116
05/03/2023,3.5857,4.1082
05/04/2023,3.5741,4.0974
05/05/2023,3.5611,4.0872
05/06/2023,3.5466,4.0733
05/07/2023,3.5401,4.0629
05/08/2023,3.5367,4.0475
05/09/2023,3.526,4.0462
05/10/2023,3.5315,4.0458
05/11/2023,3.5392,4.0395
05/12/2023,3.5417,4.0339
05/13/2023,3.5374,4.027
05/14/2023,3.534,4.0202
05/15/2023,3.5351,4.0071
05/16/2023,3.5308,4.0116
05/17/2023,3.532,4.0151
05/18/2023,3.5363,4.011
05/19/2023,3.5411,4.0075
05/20/2023,3.5401,4.0045
05/21/2023,3.5387,3.9974
05/22/2023,3.5403,3.9841
05/23/2023,3.543,3.9867
05/24/2023,3.5606,3.9881
05/25/2023,3.5736,3.9823
05/26/2023,3.5724,3.9617
05/27/2023,3.5786,3.9707
05/28/2023,3.578,3.9644
05/29/2023,3.5819,3.9512
05/30/2023,3.5791,3.9458
05/31/2023,3.5764,3.9537
06/01/2023,3.5742,3.9535
06/02/2023,3.5674,3.9447
06/03/2023,3.5576,3.9354
06/04/2023,3.5527,3.9298
06/05/2023,3.552,3.9175
06/06/2023,3.5451,3.9175
06/07/2023,3.5531,3.9172
06/08/2023,3.564,3.914
06/09/2023,3.583,3.9177
06/10/2023,3.5889,3.9198
06/11/2023,3.5898,3.9165
06/12/2023,3.5936,3.9073
06/13/2023,3.5923,3.9094
06/14/2023,3.5907,3.9075
06/15/2023,3.5886,3.9029
06/16/2023,3.5833,3.8966
06/17/2023,3.5774,3.892
06/18/2023,3.5764,3.8859
06/19/2023,3.5781,3.8744
06/20/2023,3.5774,3.8858
06/21/2023,3.5807,3.8973
06/22/2023,3.5843,3.8987
06/23/2023,3.5842,3.8976
06/24/2023,3.5782,3.8952
06/25/2023,3.5743,3.8892
06/26/2023,3.5729,3.8761
06/27/2023,3.5637,3.8775
06/28/2023,3.556,3.8769
06/29/2023,3.5492,3.8711
06/30/2023,3.5429,3.8638
07/01/2023,3.5378,3.8579
07/02/2023,3.5347,3.8532
07/03/2023,3.5354,3.8422
07/04/2023,3.5294,3.843
07/05/2023,3.5225,3.8455
07/06/2023,3.5291,3.8413
07/07/2023,3.5365,3.8468
07/08/2023,3.538,3.8481
07/09/2023,3.5381,3.8451
07/10/2023,3.5427,3.8367
07/11/2023,3.5413,3.8432
07/12/2023,3.5405,3.8485
07/13/2023,3.5555,3.8531
07/14/2023,3.5655,3.8548
07/15/2023,3.5664,3.8555
07/16/2023,3.5642,3.8511
07/17/2023,3.5654,3.8421
07/18/2023,3.5635,3.8564
07/19/2023,3.5688,3.8641
07/20/2023,3.5798,3.8696
07/21/2023,3.5873,3.873
07/22/2023,3.5913,3.8774
07/23/2023,3.5935,3.8779
07/24/2023,3.5964,3.8747
07/25/2023,3.6363,3.8996
07/26/2023,3.6872,3.9215
07/27/2023,3.7137,3.9449
07/28/2023,3.7315,3.9718
07/29/2023,3.746,4.0073
07/30/2023,3.7516,4.0241
07/31/2023,3.7566,4.0364
08/01/2023,3.7796,4.0731
08/02/2023,3.8033,4.1032
08/03/2023,3.8214,4.1309
08/04/2023,3.8308,4.1522
08/05/2023,3.831,4.1761
08/06/2023,3.8293,4.1815
08/07/2023,3.8295,4.1847
08/08/2023,3.8242,4.2033
08/09/2023,3.8246000000000002,4.2177
08/10/2023,3.8282,4.2351
08/11/2023,3.8411,4.2687
08/12/2023,3.8465,4.2951
08/13/2023,3.8478,4.3052
08/14/2023,3.8508,4.3125
08/15/2023,3.8622,4.3266
08/16/2023,3.8734,4.338
08/17/2023,3.8752,4.3455
08/18/2023,3.8727,4.3467
08/19/2023,3.8687,4.3482
08/20/2023,3.8656,4.3476
08/21/2023,3.8653,4.3468
08/22/2023,3.8543,4.3488
08/23/2023,3.8453,4.3565
08/24/2023,3.8368,4.3586
08/25/2023,3.8281,4.3597
08/26/2023,3.8203,4.3644
08/27/2023,3.8183,4.3699
08/28/2023,3.8193,4.3772
08/29/2023,3.8228,4.4109
08/30/2023,3.8268,4.4366
08/31/2023,3.8255,4.453
09/01/2023,3.8176,4.4515
09/02/2023,3.8146,4.4595
09/03/2023,3.8119,4.4585
09/04/2023,3.8126,4.4542
09/05/2023,3.8105,4.4524
09/06/2023,3.8029,4.4523
09/07/2023,3.8034,4.4593
09/08/2023,3.8085,4.4628
09/09/2023,3.8229,4.4727
09/10/2023,3.8271,4.4744
09/11/2023,3.8316,4.4748
09/12/2023,3.8359,4.4879
09/13/2023,3.8481,4.514
09/14/2023,3.8581,4.5286
09/15/2023,3.8657,4.5493
09/16/2023,3.871,4.5654
09/17/2023,3.8764,4.571
09/18/2023,3.8812,4.5752
09/19/2023,3.8802,4.582
09/20/2023,3.8746,4.5847
09/21/2023,3.8672,4.5835
09/22/2023,3.8588,4.5825
09/23/2023,3.8509,4.5808
09/24/2023,3.8471,4.5786
09/25/2023,3.8493,4.5738
09/26/2023,3.8382,4.5714
09/27/2023,3.8317,4.5694
09/28/2023,3.835,4.5668
09/29/2023,3.8318,4.5632
09/30/2023,3.8227,4.563
10/01/2023,3.8154,4.5603
10/02/2023,3.8144,4.5567
10/03/2023,3.798,4.556
10/04/2023,3.7852,4.5556
10/05/2023,3.768,4.5537
10/06/2023,3.7457,4.5464
10/07/2023,3.7217,4.5323
10/08/2023,3.7087,4.5221
10/09/2023,3.7036,4.514
10/10/2023,3.682,4.5061
10/11/2023,3.6628,4.4977
10/12/2023,3.646,4.4875
10/13/2023,3.6285,4.4796
10/14/2023,3.6091,4.4697
10/15/2023,3.6008,4.4619
10/16/2023,3.5997,4.456
10/17/2023,3.5838,4.459
10/18/2023,3.5747,4.464
10/19/2023,3.5646,4.4634
10/20/2023,3.5579,4.4751
10/21/2023,3.5538,4.4937
10/22/2023,3.5504,4.4997
10/23/2023,3.5492,4.5015
10/24/2023,3.5454,4.5134
10/25/2023,3.5412,4.516
10/26/2023,3.5311,4.5084
10/27/2023,3.518,4.4965
10/28/2023,3.503,4.485
10/29/2023,3.4958,4.4757
10/30/2023,3.4935,4.4658
10/31/2023,3.4779,4.4609
11/01/2023,3.4619,4.4511
11/02/2023,3.4478,4.4388
11/03/2023,3.4379,4.4264
11/04/2023,3.4262,4.4145
11/05/2023,3.4205,4.4097
11/06/2023,3.4177,4.3999
11/07/2023,3.4078,4.3944
11/08/2023,3.4053,4.3928
11/09/2023,3.401,4.3908
11/10/2023,3.39,4.3828
11/11/2023,3.3758,4.3708
11/12/2023,3.3686,4.3583
11/13/2023,3.3655,4.348
11/14/2023,3.3525,4.3435
11/15/2023,3.3452,4.3364
11/16/2023,3.3419,4.326
11/17/2023,3.3332,4.3153
11/18/2023,3.32,4.3071
11/19/2023,3.313,4.2965
11/20/2023,3.3082,4.2828
11/21/2023,3.2945,4.2778
11/22/2023,3.2812,4.2706
11/23/2023,3.268,4.26
11/24/2023,3.2654,4.2568
11/25/2023,3.2587,4.2419
11/26/2023,3.2529,4.2369
11/27/2023,3.2504,4.2289
11/28/2023,3.2463,4.2332
11/29/2023,3.2462,4.2312
11/30/2023,3.2461,4.2209
12/01/2023,3.2482,4.2145
12/02/2023,3.2467,4.2098
12/03/2023,3.2427,4.2017
12/04/2023,3.2416,4.1896
12/05/2023,3.2292,4.1823
12/06/2023,3.216,4.1728
12/07/2023,3.2022,4.1597
12/08/2023,3.1852,4.1439
12/09/2023,3.167,4.1289
12/10/2023,3.1578,4.1173
12/11/2023,3.153,4.1013
12/12/2023,3.1366,4.0895
12/13/2023,3.1208,4.0789
12/14/2023,3.1036,4.0629
12/15/2023,3.0869,4.046
12/16/2023,3.0746000000000002,4.032
12/17/2023,3.0685,4.0213
12/18/2023,3.0661,4.008
12/19/2023,3.0802,4.0151
12/20/2023,3.0969,4.0251
12/21/2023,3.1201,4.0264
12/22/2023,3.1294,4.0313
12/23/2023,3.128,4.0291
12/24/2023,3.1267,4.0237
12/25/2023,3.1265,4.0163
12/26/2023,3.1259,4.0127
12/27/2023,3.1216,4.0164
12/28/2023,3.1208,4.017
12/29/2023,3.1205,4.0133
12/30/2023,3.1166,4.008
12/31/2023,3.1123,3.9999
01/01/2024,3.1096,3.9828
01/02/2024,3.1038,3.9771
01/03/2024,3.0935,3.9816
01/04/2024,3.0899,3.9786
01/05/2024,3.0879,3.9724
01/06/2024,3.0834,3.9667
01/07/2024,3.079,3.9592
01/08/2024,3.0774,3.946
01/09/2024,3.0781,3.9467
01/10/2024,3.0775,3.9471
01/11/2024,3.0774,3.9427
01/12/2024,3.074,3.9371
01/13/2024,3.0711,3.935
01/14/2024,3.069,3.9282
01/15/2024,3.068,3.9165
01/16/2024,3.0716,3.9268
01/17/2024,3.0876,3.938
01/18/2024,3.0936,3.9358
01/19/2024,3.0877,3.9282
01/20/2024,3.0817,3.9244
01/21/2024,3.0775,3.9186
01/22/2024,3.0773,3.9049
01/23/2024,3.0837,3.9148
01/24/2024,3.096,3.92
01/25/2024,3.1019,3.9171
01/26/2024,3.1026,3.9151
01/27/2024,3.103,3.9182
01/28/2024,3.1033,3.9153
01/29/2024,3.107,3.9064
01/30/2024,3.1247,3.9202
01/31/2024,3.1407,3.9348
02/01/2024,3.15,3.937
02/02/2024,3.1538,3.9378
02/03/2024,3.1499,3.9369
02/04/2024,3.1474,3.9365
02/05/2024,3.1485,3.9317
02/06/2024,3.1447,3.9336
02/07/2024,3.148,3.9411
02/08/2024,3.1528,3.948
02/09/2024,3.1662,3.9634
02/10/2024,3.1833,3.9883
02/11/2024,3.1895,4.0006
02/12/2024,3.1963,4.004
02/13/2024,3.2252,4.0456
02/14/2024,3.2557,4.0797
02/15/2024,3.2781,4.0989
02/16/2024,3.2841,4.1064
02/17/2024,3.2816,4.108
02/18/2024,3.279,4.1055
02/19/2024,3.2786,4.0992
02/20/2024,3.2756,4.0941
02/21/2024,3.2739,4.0969
02/22/2024,3.2703,4.0945
02/23/2024,3.2673,4.0899
02/24/2024,3.2644,4.0846
02/25/2024,3.2616,4.0786
02/26/2024,3.2635,4.0712
02/27/2024,3.2712,4.0711
02/28/2024,3.2942,4.0703
02/29/2024,3.3187,4.0686
03/01/2024,3.3311,4.0653
03/02/2024,3.3379,4.0625
03/03/2024,3.3459,4.0587
03/04/2024,3.3518,4.0499
03/05/2024,3.3662,4.0547
03/06/2024,3.386,4.0589
03/07/2024,3.3972,4.0583
03/08/2024,3.4001,4.0534
03/09/2024,3.3974,4.052
03/10/2024,3.3942,4.0468
03/11/2024,3.3967,4.0332
03/12/2024,3.3942,4.0364
03/13/2024,3.3956,4.0387
03/14/2024,3.4117,4.0372
03/15/2024,3.4381,4.0353
03/16/2024,3.4553,4.037
03/17/2024,3.4608,4.0354
03/18/2024,3.4668,4.0269
03/19/2024,3.4893,4.0395
03/20/2024,3.5151,4.0524
03/21/2024,3.5271,4.058
03/22/2024,3.5324,4.0605
03/23/2024,3.5341,4.0604
03/24/2024,3.5331,4.0539
03/25/2024,3.5341,4.0422
03/26/2024,3.5326,4.0496
03/27/2024,3.5352,4.0514
03/28/2024,3.5381,4.0469
03/29/2024,3.5369,4.0422
03/30/2024,3.5363,4.0376
03/31/2024,3.535,4.0313
04/01/2024,3.5358,4.0182
04/02/2024,3.5349,4.024
04/03/2024,3.5485,4.0281
04/04/2024,3.5665,4.0355
04/05/2024,3.5818,4.0453
04/06/2024,3.5905,4.0501
04/07/2024,3.5927,4.0494
04/08/2024,3.5978,4.0437
04/09/2024,3.6083,4.0532
04/10/2024,3.6187,4.058
04/11/2024,3.6295,4.0587
04/12/2024,3.6339,4.0566
04/13/2024,3.6327,4.0548
04/14/2024,3.6316,4.0471
04/15/2024,3.6343,4.0378
04/16/2024,3.644,4.0487
04/17/2024,3.6605,4.0558
04/18/2024,3.6739,4.0552
04/19/2024,3.6788,4.0518
04/20/2024,3.6757,4.0472
04/21/2024,3.6732,4.0436
04/22/2024,3.6754,4.0317
04/23/2024,3.6673,4.0319
04/24/2024,3.6603,4.0292
04/25/2024,3.658,4.024
04/26/2024,3.6599,4.0182
04/27/2024,3.6587,4.0171
04/28/2024,3.6571,4.0135
04/29/2024,3.6592,4.0031
04/30/2024,3.6573,4.0077
05/01/2024,3.6629,4.0056
05/02/2024,3.6705,4.0016
05/03/2024,3.6668,3.9971
05/04/2024,3.6587,3.9904
05/05/2024,3.6528,3.9823
05/06/2024,3.6515,3.9696
05/07/2024,3.6401,3.9732
05/08/2024,3.6403,3.9692
05/09/2024,3.6419,3.961
05/10/2024,3.636,3.9539
05/11/2024,3.6258,3.9467
05/12/2024,3.6192,3.9395
05/13/2024,3.6185,3.926
05/14/2024,3.6118,3.9348
05/15/2024,3.6068,3.9354
05/16/2024,3.6004,3.9284
05/17/2024,3.5968,3.9197
05/18/2024,3.5926,3.9154
05/19/2024,3.5912,3.9111
05/20/2024,3.5902,3.8959
05/21/2024,3.5976,3.906
05/22/2024,3.6109,3.9091
05/23/2024,3.6147,3.9048
05/24/2024,3.6093,3.8973
05/25/2024,3.5993,3.893
05/26/2024,3.5929,3.8849
05/27/2024,3.5919,3.8676
05/28/2024,3.5859,3.8633
05/29/2024,3.5749,3.8762
05/30/2024,3.569,3.8784
05/31/2024,3.5587,3.8729
06/01/2024,3.5441,3.8663
06/02/2024,3.5362,3.8601
06/03/2024,3.5323,3.8473
06/04/2024,3.5182,3.847
06/05/2024,3.5026,3.8421
06/06/2024,3.4871,3.8308
06/07/2024,3.4712,3.8207
06/08/2024,3.4561,3.81
06/09/2024,3.4486,3.8008
06/10/2024,3.4451,3.7863
06/11/2024,3.4413,3.79
06/12/2024,3.454,3.7921
06/13/2024,3.4602,3.7887
06/14/2024,3.4593,3.7856
06/15/2024,3.4519,3.7849
06/16/2024,3.4466,3.7804
06/17/2024,3.4466,3.7714
06/18/2024,3.44,3.7855
06/19/2024,3.4491,3.8002
06/20/2024,3.4551,3.8048
06/21/2024,3.4557,3.8064
06/22/2024,3.4511,3.8057
06/23/2024,3.4474,3.8023
06/24/2024,3.4477,3.7917
06/25/2024,3.4685,3.8
06/26/2024,3.4945,3.8096
06/27/2024,3.5035,3.8138
06/28/2024,3.5026,3.814
06/29/2024,3.4964,3.8149
06/30/2024,3.492,3.8124
07/01/2024,3.4911,3.8037
07/02/2024,3.5005,3.8232
07/03/2024,3.513,3.8405
07/04/2024,3.5148,3.8465
07/05/2024,3.5135,3.8462
07/06/2024,3.5094,3.8478
07/07/2024,3.5058,3.8494
07/08/2024,3.5063,3.8439
07/09/2024,3.519,3.8663
07/10/2024,3.5382,3.8819
07/11/2024,3.5436,3.8821
07/12/2024,3.5379,3.8779
07/13/2024,3.5277,3.8735
07/14/2024,3.5223,3.8681
07/15/2024,3.5208,3.8577
07/16/2024,3.5153,3.8576
07/17/2024,3.5122,3.8528
07/18/2024,3.5055,3.8471
07/19/2024,3.5034,3.8405
07/20/2024,3.504,3.8389
07/21/2024,3.5013,3.8372
07/22/2024,3.5012,3.8276
07/23/2024,3.5021,3.8331
07/24/2024,3.5127,3.832
07/25/2024,3.5213,3.8306
07/26/2024,3.5189,3.825
07/27/2024,3.511,3.822
07/28/2024,3.5059,3.817
07/29/2024,3.505,3.8097
07/30/2024,3.4989,3.8127
07/31/2024,3.492,3.8152
08/01/2024,3.483,3.8104
08/02/2024,3.4808,3.8065
08/03/2024,3.4782,3.8034
08/04/2024,3.4738,3.7969
08/05/2024,3.4717,3.7875
08/06/2024,3.4625,3.7899
08/07/2024,3.4591,3.7895
08/08/2024,3.4554,3.7842
08/09/2024,3.4535,3.7781
08/10/2024,3.4498,3.7719
08/11/2024,3.4453,3.766
08/12/2024,3.4435,3.7543
08/13/2024,3.4441,3.7619
08/14/2024,3.4447,3.7634
08/15/2024,3.4419,3.7605
08/16/2024,3.4326,3.7556
08/17/2024,3.4211,3.7508
08/18/2024,3.4144,3.7444
08/19/2024,3.4111,3.7332
08/20/2024,3.4043,3.7369
08/21/2024,3.3977,3.7358
08/22/2024,3.3873,3.7284
08/23/2024,3.3741,3.7181
08/24/2024,3.3606,3.7124
08/25/2024,3.3535,3.708
08/26/2024,3.3509,3.699
08/27/2024,3.35,3.7066
08/28/2024,3.3611,3.7136
08/29/2024,3.3608,3.7122
08/30/2024,3.3505,3.7092
08/31/2024,3.3394,3.7048
09/01/2024,3.3328,3.6985
09/02/2024,3.3313,3.6877
09/03/2024,3.3247,3.6855
09/04/2024,3.3168,3.6893
09/05/2024,3.3081,3.6857
09/06/2024,3.2957,3.6767
09/07/2024,3.2814,3.6672
09/08/2024,3.2734,3.6587
09/09/2024,3.2702,3.6471
09/10/2024,3.2606,3.6464
09/11/2024,3.2533,3.6448
09/12/2024,3.2418,3.6366
09/13/2024,3.2302,3.6261
09/14/2024,3.2166,3.6187
09/15/2024,3.2094,3.6115
09/16/2024,3.2076,3.5979
09/17/2024,3.2025,3.5977
09/18/2024,3.2147,3.5964
09/19/2024,3.2243,3.5957
09/20/2024,3.2217,3.5932
09/21/2024,3.2144,3.5912
09/22/2024,3.2083,3.5867
09/23/2024,3.2077,3.5764
09/24/2024,3.2104,3.582
09/25/2024,3.213,3.5867
09/26/2024,3.2205,3.5838
09/27/2024,3.2234,3.5826
09/28/2024,3.2201,3.581
09/29/2024,3.2182,3.5756
09/30/2024,3.2165,3.5663
10/01/2024,3.204,3.5715
10/02/2024,3.1961,3.5721
10/03/2024,3.1904,3.5713
10/04/2024,3.1823,3.5677
10/05/2024,3.1768,3.5702
10/06/2024,3.1733,3.5726
10/07/2024,3.1741,3.5683
10/08/2024,3.1808,3.5864
10/09/2024,3.2047,3.6033
10/10/2024,3.212,3.6107
10/11/2024,3.2089,3.6125
10/12/2024,3.2043,3.6115
10/13/2024,3.2015,3.6069
10/14/2024,3.2025,3.6002
10/15/2024,3.2034,3.607
10/16/2024,3.2035,3.6132
10/17/2024,3.1959,3.6089
10/18/2024,3.1905,3.6074
10/19/2024,3.1825,3.6039
10/20/2024,3.1768,3.5992
10/21/2024,3.1753,3.5898
10/22/2024,3.1632,3.5891
10/23/2024,3.1546,3.5889
10/24/2024,3.1499,3.5884
10/25/2024,3.144,3.587
10/26/2024,3.1361,3.5827
10/27/2024,3.1303,3.5776
10/28/2024,3.1301,3.5687
10/29/2024,3.1336,3.5746000000000002
10/30/2024,3.1354,3.5758
10/31/2024,3.131,3.5708
11/01/2024,3.1217,3.5664
11/02/2024,3.1099,3.5627
11/03/2024,3.1034,3.56
11/04/2024,3.1011,3.5526
11/05/2024,3.1018,3.5598
11/06/2024,3.1066,3.5661
11/07/2024,3.1062,3.5672
11/08/2024,3.0991,3.5628
11/09/2024,3.0903,3.5625
11/10/2024,3.0848,3.5573
11/11/2024,3.0825,3.5481
11/12/2024,3.0783,3.5466
11/13/2024,3.0841,3.5542
11/14/2024,3.0837,3.5536
11/15/2024,3.0837,3.5531
11/16/2024,3.0779,3.5502
11/17/2024,3.0722,3.544
11/18/2024,3.0705,3.5344
11/19/2024,3.0635,3.5391
11/20/2024,3.0662,3.5432
11/21/2024,3.0631,3.5407
11/22/2024,3.0578,3.5366
11/23/2024,3.0575,3.5376
11/24/2024,3.0563,3.5355
11/25/2024,3.0562,3.5297
11/26/2024,3.0672,3.5468
11/27/2024,3.0726,3.5541
11/28/2024,3.0653,3.5539
11/29/2024,3.063,3.5521
11/30/2024,3.0571,3.5444
12/01/2024,3.0509,3.5423
12/02/2024,3.0469,3.5356
12/03/2024,3.0373,3.5405
12/04/2024,3.0334,3.5399
12/05/2024,3.0317,3.5359
12/06/2024,3.0258,3.5306
12/07/2024,3.0203,3.5254
12/08/2024,3.0177,3.5202
12/09/2024,3.0176,3.5123
12/10/2024,3.0108,3.5136
12/11/2024,3.0197,3.5128
12/12/2024,3.0265,3.5082
12/13/2024,3.0255,3.5059
12/14/2024,3.0229,3.5063
12/15/2024,3.0229,3.5044
12/16/2024,3.0241,3.4962
12/17/2024,3.0298,3.5039
12/18/2024,3.0335,3.5097
12/19/2024,3.0453,3.5108
12/20/2024,3.0499,3.5098
12/21/2024,3.0455,3.5101
12/22/2024,3.0418,3.5088
12/23/2024,3.0415,3.5
12/24/2024,3.0413,3.5066
12/25/2024,3.0397,3.5117
12/26/2024,3.0424,3.5098
12/27/2024,3.0336,3.5054
12/28/2024,3.0265,3.5083
12/29/2024,3.0247,3.5039
12/30/2024,3.0265,3.4935
12/31/2024,3.0435,3.5055
01/01/2025,3.0615,3.513
01/02/2025,3.0669,3.5091
01/03/2025,3.0667,3.5139
01/04/2025,3.0638,3.5221
01/05/2025,3.0614,3.5191
01/06/2025,3.0641,3.5113
01/07/2025,3.0685,3.5306
01/08/2025,3.0686,3.5401
01/09/2025,3.0693,3.5424
01/10/2025,3.0664,3.5434
01/11/2025,3.0644,3.5511
01/12/2025,3.0671,3.5568
01/13/2025,3.0654,3.5542
01/14/2025,3.0711,3.5757
01/15/2025,3.0887,3.5937
01/16/2025,3.103,3.6038
01/17/2025,3.1151,3.6149
01/18/2025,3.1197,3.6284
01/19/2025,3.1204,3.6314
01/20/2025,3.1246,3.6334
01/21/2025,3.1263,3.6503
01/22/2025,3.1289,3.6674
01/23/2025,3.1348,3.6871
01/24/2025,3.1327,3.688
01/25/2025,3.1266,3.6827
01/26/2025,3.1225,3.6792
01/27/2025,3.122,3.6717
01/28/2025,3.1203,3.674
01/29/2025,3.1196,3.6715
01/30/2025,3.1166,3.6672
01/31/2025,3.11,3.6631
02/01/2025,3.1024,3.6625
02/02/2025,3.0976,3.6601
02/03/2025,3.0983,3.6546
02/04/2025,3.1075,3.6597
02/05/2025,3.1248,3.6665
02/06/2025,3.1375,3.6682
02/07/2025,3.1406,3.6671
02/08/2025,3.1375,3.6637
02/09/2025,3.1364,3.6614
02/10/2025,3.1394,3.6528
02/11/2025,3.1414,3.6579
02/12/2025,3.1494,3.6658
02/13/2025,3.1596,3.6735
02/14/2025,3.1652,3.672
02/15/2025,3.16,3.669
02/16/2025,3.1583,3.6703
02/17/2025,3.1613,3.6683
02/18/2025,3.1607,3.6754
02/19/2025,3.164,3.6891
02/20/2025,3.1648,3.6935
02/21/2025,3.1615,3.6937
02/22/2025,3.1513,3.6888
02/23/2025,3.1448,3.6827
02/24/2025,3.1442,3.6728
02/25/2025,3.1398,3.6805
02/26/2025,3.1339,3.6806
02/27/2025,3.125,3.6762
02/28/2025,3.1138,3.6698
03/01/2025,3.1034,3.6638
03/02/2025,3.0977,3.6583
03/03/2025,3.0971,3.6521
03/04/2025,3.099,3.6565
03/05/2025,3.1068,3.6561
03/06/2025,3.1103,3.6503
03/07/2025,3.1062,3.6446
03/08/2025,3.0955,3.6403
03/09/2025,3.0887,3.6347
03/10/2025,3.0888,3.6247
03/11/2025,3.0813,3.627
03/12/2025,3.0803,3.6259
03/13/2025,3.0788,3.6185
03/14/2025,3.0835,3.6149
03/15/2025,3.079,3.6089
03/16/2025,3.0765,3.604
03/17/2025,3.0781,3.5921
03/18/2025,3.0777,3.6011
03/19/2025,3.102,3.6032
03/20/2025,3.1214,3.6047
03/21/2025,3.1291,3.6043
03/22/2025,3.127,3.6011
03/23/2025,3.1259,3.597
03/24/2025,3.1278,3.5845
03/25/2025,3.1395,3.5975
03/26/2025,3.1504,3.6056
03/27/2025,3.1552,3.6058
03/28/2025,3.1574,3.6085
03/29/2025,3.1587,3.612
03/30/2025,3.1586,3.6089
03/31/2025,3.1682,3.5975
04/01/2025,3.2013,3.6131
04/02/2025,3.2382,3.6292
04/03/2025,3.2596,3.6376
04/04/2025,3.2678,3.6416
04/05/2025,3.2624,3.6395
04/06/2025,3.258,3.636
04/07/2025,3.2589,3.6244
04/08/2025,3.2462,3.6286
04/09/2025,3.2345,3.6257
04/10/2025,3.2222,3.6173
04/11/2025,3.2103,3.6105
04/12/2025,3.1957,3.6022
04/13/2025,3.1886,3.5942
04/14/2025,3.1845,3.5788
04/15/2025,3.1726,3.5858
04/16/2025,3.1694,3.5861
04/17/2025,3.1671,3.582
04/18/2025,3.1615,3.5777
04/19/2025,3.1546,3.5739
04/20/2025,3.1511,3.5701
04/21/2025,3.1533,3.5549
04/22/2025,3.1663,3.5664
04/23/2025,3.1717,3.5682
04/24/2025,3.1715,3.5643
04/25/2025,3.1649,3.562
04/26/2025,3.1534,3.5568
04/27/2025,3.149,3.5522
04/28/2025,3.15,3.536
04/29/2025,3.1609,3.5512
04/30/2025,3.1828,3.5597
05/01/2025,3.1868,3.5595
05/02/2025,3.1806,3.5575
05/03/2025,3.1706,3.554
05/04/2025,3.1652,3.5466
05/05/2025,3.165,3.5323
05/06/2025,3.1583,3.5402
05/07/2025,3.1542,3.5416
05/08/2025,3.1521,3.538
05/09/2025,3.1459,3.5322
05/10/2025,3.1391,3.5293
05/11/2025,3.1351,3.5226
05/12/2025,3.1368,3.5099
05/13/2025,3.1573,3.5288
05/14/2025,3.1801,3.5424
05/15/2025,3.1928,3.549
05/16/2025,3.1924,3.5519
05/17/2025,3.185,3.5516
05/18/2025,3.1789,3.547
05/19/2025,3.1799,3.5343
05/20/2025,3.1774,3.5452
05/21/2025,3.1829,3.5542
05/22/2025,3.1959,3.5544
05/23/2025,3.1968,3.5516
05/24/2025,3.1872,3.5478
05/25/2025,3.181,3.5428
05/26/2025,3.1795,3.5266
05/27/2025,3.1742,3.523
05/28/2025,3.1639,3.5371
05/29/2025,3.167,3.5397
05/30/2025,3.1623,3.5368
05/31/2025,3.1506,3.5308
06/01/2025,3.1437,3.5238
06/02/2025,3.142,3.5106
06/03/2025,3.1377,3.5154
06/04/2025,3.144,3.5164
06/05/2025,3.1462,3.5164
06/06/2025,3.1411,3.5166
06/07/2025,3.1315,3.5136
06/08/2025,3.1256,3.5074
06/09/2025,3.1245,3.4945
06/10/2025,3.1217,3.5062
06/11/2025,3.1246,3.5125
06/12/2025,3.1281,3.5133
06/13/2025,3.1321,3.5132
06/14/2025,3.1337,3.5229
06/15/2025,3.1357,3.5272
06/16/2025,3.1405,3.5249
06/17/2025,3.1676,3.5675
06/18/2025,3.1877,3.5958
06/19/2025,3.2057,3.6279
06/20/2025,3.2175,3.6531
06/21/2025,3.2198,3.6732
06/22/2025,3.2183,3.6791
06/23/2025,3.2209,3.6795
06/24/2025,3.2241,3.7056
06/25/2025,3.2269,3.7184
06/26/2025,3.2201,3.7192
06/27/2025,3.2078,3.7146
06/28/2025,3.1944,3.7088
06/29/2025,3.1872,3.7024
06/30/2025,3.1858,3.6942
07/01/2025,3.1789,3.6968
07/02/2025,3.1717,3.6937
07/03/2025,3.1629,3.6889
07/04/2025,3.1524,3.6884
07/05/2025,3.1481,3.6872
07/06/2025,3.1455,3.6783
07/07/2025,3.1438,3.6783
07/08/2025,3.1493,3.6918
07/09/2025,3.1628,3.704
07/10/2025,3.1723,3.7091
07/11/2025,3.1677,3.7066
07/12/2025,3.1578,3.7069
07/13/2025,3.1533,3.7047
07/14/2025,3.1533,3.7063
07/15/2025,3.1506,3.7219
07/16/2025,3.1605,3.7295
07/17/2025,3.1609,3.7303
07/18/2025,3.1555,3.7299
07/19/2025,3.146,3.7304
07/20/2025,3.1406,3.7272
07/21/2025,3.1406,3.7222
07/22/2025,3.1448,3.7306
07/23/2025,3.1554,3.7378
07/24/2025,3.163,3.7418
07/25/2025,3.1606,3.7418
07/26/2025,3.1506,3.7378
07/27/2025,3.1452,3.7354
07/28/2025,3.1433,3.7311
07/29/2025,3.1368,3.7347
07/30/2025,3.1404,3.74
07/31/2025,3.1473,3.7408
08/01/2025,3.1516,3.7407
08/02/2025,3.1522,3.7395
08/03/2025,3.1503,3.7365
08/04/2025,3.1527,3.7296
08/05/2025,3.1638,3.7386
08/06/2025,3.1702,3.7402
08/07/2025,3.1665,3.7379
08/08/2025,3.1564,3.7314
08/09/2025,3.1456,3.7268
08/10/2025,3.1394,3.7201
08/11/2025,3.1387,3.7103
08/12/2025,3.1409,3.7162
08/13/2025,3.1558,3.7184
08/14/2025,3.1601,3.7154
08/15/2025,3.1538,3.7115
08/16/2025,3.1428,3.7054
08/17/2025,3.1381,3.7025
08/18/2025,3.1376,3.6909
08/19/2025,3.1304,3.6978
08/20/2025,3.1337,3.6955
08/21/2025,3.1372,3.691
08/22/2025,3.142,3.6899
08/23/2025,3.1497,3.6893
08/24/2025,3.1533,3.6862
08/25/2025,3.1613,3.6815
08/26/2025,3.1864,3.7003
08/27/2025,3.2081,3.7136
08/28/2025,3.2103,3.7129
08/29/2025,3.2013,3.7072
08/30/2025,3.192,3.7037
08/31/2025,3.1885,3.7003
09/01/2025,3.1909,3.6907
09/02/2025,3.1869,3.6903
09/03/2025,3.1903,3.7047
09/04/2025,3.2016,3.7121
09/05/2025,3.2046,3.7123
09/06/2025,3.2001,3.7106
09/07/2025,3.1971,3.7088
09/08/2025,3.1998,3.7021
09/09/2025,3.193,3.7048
09/10/2025,3.1938,3.706
09/11/2025,3.1949,3.7053
09/12/2025,3.1887,3.7029
09/13/2025,3.179,3.6981
09/14/2025,3.1752,3.6923
09/15/2025,3.1777,3.6858
09/16/2025,3.1862,3.7008
09/17/2025,3.2003,3.7075
09/18/2025,3.2036,3.7087
09/19/2025,3.1996000000000002,3.706
09/20/2025,3.1894,3.7002
09/21/2025,3.1834,3.6958
09/22/2025,3.1843,3.688
09/23/2025,3.1719,3.6933
09/24/2025,3.1634,3.693
09/25/2025,3.1579,3.689
09/26/2025,3.1485,3.6844
09/27/2025,3.1375,3.6876
09/28/2025,3.1329,3.6856
09/29/2025,3.1354,3.6789
09/30/2025,3.1506,3.6997
10/01/2025,3.1605,3.7068
10/02/2025,3.1593,3.7049
10/03/2025,3.1528,3.702
10/04/2025,3.1402,3.6951
10/05/2025,3.1339,3.6898
10/06/2025,3.1333,3.679
10/07/2025,3.1214,3.6803
10/08/2025,3.1156,3.6791
10/09/2025,3.1106,3.6761
10/10/2025,3.1005,3.6732
10/11/2025,3.0895,3.6688
10/12/2025,3.0833,3.6653
10/13/2025,3.0821,3.6533
10/14/2025,3.0761,3.6574
10/15/2025,3.0674,3.6554
10/16/2025,3.057,3.6491
10/17/2025,3.0511,3.6425
10/18/2025,3.0408,3.6365
10/19/2025,3.0362,3.6308
10/20/2025,3.0361,3.6192
10/21/2025,3.0478,3.6214
10/22/2025,3.0656,3.6289
10/23/2025,3.0713,3.6315
10/24/2025,3.0679,3.6404
10/25/2025,3.0591,3.6567
10/26/2025,3.0532,3.6616
10/27/2025,3.052,3.6619
10/28/2025,3.0437,3.6743
10/29/2025,3.0384,3.6826
10/30/2025,3.0377,3.6889
10/31/2025,3.0403,3.6876
11/01/2025,3.038,3.6862
11/02/2025,3.0361,3.684
11/03/2025,3.036,3.68
11/04/2025,3.0528,3.6944
11/05/2025,3.079,3.7049
11/06/2025,3.0844,3.7093
11/07/2025,3.0799,3.7146
11/08/2025,3.0731,3.7286
11/09/2025,3.0699,3.7345
11/10/2025,3.0707,3.7389
11/11/2025,3.0719,3.748
11/12/2025,3.0752,3.7568
11/13/2025,3.0799,3.7648
11/14/2025,3.0804,3.769
11/15/2025,3.0758,3.7703
11/16/2025,3.0723,3.7682
11/17/2025,3.0729,3.7655
11/18/2025,3.0769,3.7723
11/19/2025,3.0936,3.7833
11/20/2025,3.1003,3.7929
11/21/2025,3.0935,3.7978
11/22/2025,3.0789,3.7957
11/23/2025,3.0717,3.7928
11/24/2025,3.0689,3.7849
11/25/2025,3.0549,3.7854
11/26/2025,3.0416,3.7778
11/27/2025,3.0255,3.769
11/28/2025,3.0222,3.7673
11/29/2025,3.0119,3.7537
11/30/2025,3.0048,3.7498
12/01/2025,3.0007,3.7394
12/02/2025,2.9975,3.7392
12/03/2025,2.999,3.7339
12/04/2025,2.9906,3.7256
12/05/2025,2.9775,3.7166
12/06/2025,2.9626,3.7067
12/07/2025,2.955,3.699
12/08/2025,2.9517,3.6874
12/09/2025,2.9451,3.6884
12/10/2025,2.94,3.6845
12/11/2025,2.9399,3.674
12/12/2025,2.9315,3.6651
12/13/2025,2.9167,3.6554
12/14/2025,2.9099,3.6467
12/15/2025,2.9058,3.6321
12/16/2025,2.9066,3.6414
12/17/2025,2.9053,3.6416
12/18/2025,2.8956,3.635
12/19/2025,2.8815,3.6234
12/20/2025,2.8662,3.6128
12/21/2025,2.8579,3.6028
12/22/2025,2.8548,3.5884
12/23/2025,2.8577,3.5904
12/24/2025,2.8543,3.5886
12/25/2025,2.8473,3.5832
12/26/2025,2.8475,3.5772
12/27/2025,2.8357,3.5654
12/28/2025,2.8284,3.5649
12/29/2025,2.825,3.5524
12/30/2025,2.8343,3.564
12/31/2025,2.839,3.5661
01/01/2026,2.8335,3.5594
01/02/2026,2.8301,3.5511
01/03/2026,2.8201,3.5395
01/04/2026,2.814,3.5369
01/05/2026,2.8115,3.5213
01/06/2026,2.815,3.5332
01/07/2026,2.8189,3.5392
01/08/2026,2.8188,3.5356
01/09/2026,2.8074,3.527
01/10/2026,2.7985,3.5194
01/11/2026,2.7951,3.5113
01/12/2026,2.796,3.4961
01/13/2026,2.8196,3.5057
01/14/2026,2.8402,3.5119
01/15/2026,2.8441,3.5131
01/16/2026,2.8393,3.5122
01/17/2026,2.8296,3.5122
01/18/2026,2.8244,3.5055
01/19/2026,2.8248,3.4965
01/20/2026,2.8222,3.5141
01/21/2026,2.833,3.5312
01/22/2026,2.8501,3.5451
01/23/2026,2.8619,3.5545
01/24/2026,2.8625,3.5611
01/25/2026,2.8641,3.5648
01/26/2026,2.8813,3.5741
01/27/2026,2.8884,3.5926
01/28/2026,2.8788,3.598
01/29/2026,2.8741,3.6022
01/30/2026,2.873,3.6043
01/31/2026,2.8697,3.6106
02/01/2026,2.8697,3.6109
02/02/2026,2.8752,3.6077
02/03/2026,2.8832,3.6299
02/04/2026,2.8867,3.6345
02/05/2026,2.8912,3.6384
02/06/2026,2.8999,3.6433
02/07/2026,2.8984,3.6458
02/08/2026,2.8971,3.6442
02/09/2026,2.9016,3.634
02/10/2026,2.921,3.6593
02/11/2026,2.9366,3.6671
02/12/2026,2.9436,3.6672
02/13/2026,2.9401,3.665
02/14/2026,2.9303,3.6614
02/15/2026,2.9268,3.6556
02/16/2026,2.9287,3.6466
02/17/2026,2.9171,3.6508
02/18/2026,2.9233,3.6697
02/19/2026,2.9287,3.6774
02/20/2026,2.9342,3.6899
02/21/2026,2.935,3.7047
02/22/2026,2.9344,3.7096
02/23/2026,2.9376,3.7118
02/24/2026,2.9509,3.7271
02/25/2026,2.9753,3.749
02/26/2026,2.9827,3.7568
02/27/2026,2.9823,3.757
02/28/2026,2.9823,3.7577
03/01/2026,2.9842,3.7609
03/02/2026,2.9973,3.7696
03/03/2026,3.1093,3.8914
03/04/2026,3.1976,4.0385
03/05/2026,3.251,4.166
03/06/2026,3.32,4.33
03/07/2026,3.413,4.51
03/08/2026,3.45,4.595
03/09/2026,3.478,4.656
03/10/2026,3.539,4.78
03/11/2026,3.578,4.83
03/12/2026,3.598,4.86
03/13/2026,3.63,4.892
03/14/2026,3.675,4.942
03/15/2026,3.699,4.971
03/16/2026,3.718,4.988
03/17/2026,3.79,5.044
03/18/2026,3.842,5.068
03/19/2026,3.884,5.099
03/20/2026,3.912,5.159
03/21/2026,3.925,5.208
03/22/2026,3.942,5.25
03/23/2026,3.956,5.285
03/24/2026,3.977,5.345
03/25/2026,3.983,5.366
03/26/2026,3.981,5.375
03/27/2026,3.978,5.38
03/31/2026,4.018,5.454
04/01/2026,4.064,5.49
04/02/2026,4.081,5.507
04/03/2026,4.091,5.533
04/04/2026,4.104,5.583
04/05/2026,4.11,5.61
04/06/2026,4.119,5.618
