state_id,state_name,statefp,GEOID,county,comment,price
1,FL,12,12001,Alachua,$4.296,4.296
1,FL,12,12003,Baker,$4.198,4.198
1,FL,12,12005,Bay,$3.942,3.942
1,FL,12,12007,Bradford,$4.139,4.139
1,FL,12,12009,Brevard,$4.206,4.206
1,FL,12,12011,Broward,$4.237,4.237
1,FL,12,12013,Calhoun,$4.248,4.248
1,FL,12,12015,Charlotte,$4.118,4.118
1,FL,12,12017,Citrus,$4.159,4.159
1,FL,12,12019,Clay,$4.099,4.099
1,FL,12,12021,Collier,$4.273,4.273
1,FL,12,12023,Columbia,$4.014,4.014
1,FL,NA,12027,DeSoto,$4.159,4.159
1,FL,12,12029,Dixie,$4.235,4.235
1,FL,12,12031,Duval,$4.213,4.213
1,FL,12,12033,Escambia,$3.908,3.908
1,FL,12,12035,Flagler,$4.240,4.24
1,FL,12,12037,Franklin,$4.023,4.023
1,FL,12,12039,Gadsden,$4.126,4.126
1,FL,12,12041,Gilchrist,$4.086,4.086
1,FL,12,12043,Glades,$4.371,4.371
1,FL,12,12045,Gulf,$4.023,4.023
1,FL,12,12047,Hamilton,$4.105,4.105
1,FL,12,12049,Hardee,$4.165,4.165
1,FL,12,12051,Hendry,$4.367,4.367
1,FL,12,12053,Hernando,$4.105,4.105
1,FL,12,12055,Highlands,$4.200,4.2
1,FL,12,12057,Hillsborough,$4.096,4.096
1,FL,12,12059,Holmes,$4.152,4.152
1,FL,12,12061,Indian River,$4.193,4.193
1,FL,12,12063,Jackson,$4.071,4.071
1,FL,12,12065,Jefferson,$4.297,4.297
1,FL,12,12067,Lafayette,$4.199,4.199
1,FL,12,12069,Lake,$4.066,4.066
1,FL,12,12071,Lee,$4.121,4.121
1,FL,12,12073,Leon,$4.053,4.053
1,FL,12,12075,Levy,$4.238,4.238
1,FL,12,12077,Liberty,$4.270,4.27
1,FL,12,12079,Madison,$4.235,4.235
1,FL,12,12081,Manatee,$4.073,4.073
1,FL,12,12083,Marion,$4.159,4.159
1,FL,12,12085,Martin,$4.120,4.12
1,FL,12,12086,Miami Dade,$4.201,4.201
1,FL,12,12087,Monroe,$4.483,4.483
1,FL,12,12089,Nassau,$4.229,4.229
1,FL,12,12091,Okaloosa,$3.953,3.953
1,FL,12,12093,Okeechobee,$4.254,4.254
1,FL,12,12095,Orange,$4.097,4.097
1,FL,12,12097,Osceola,$4.108,4.108
1,FL,12,12099,Palm Beach,$4.328,4.328
1,FL,12,12101,Pasco,$4.066,4.066
1,FL,12,12103,Pinellas,$4.104,4.104
1,FL,12,12105,Polk,$4.079,4.079
1,FL,12,12107,Putnam,$4.182,4.182
1,FL,12,12113,Santa Rosa,$4.025,4.025
1,FL,12,12115,Sarasota,$4.056,4.056
1,FL,12,12117,Seminole,$4.080,4.08
1,FL,12,12109,St. Johns,$4.219,4.219
1,FL,12,12111,St. Lucie,$4.174,4.174
1,FL,12,12119,Sumter,$4.009,4.009
1,FL,12,12121,Suwannee,$4.217,4.217
1,FL,12,12123,Taylor,$4.213,4.213
1,FL,12,12125,Union,$4.205,4.205
1,FL,12,12127,Volusia,$4.173,4.173
1,FL,12,12129,Wakulla,$4.055,4.055
1,FL,12,12131,Walton,$4.047,4.047
1,FL,12,12133,Washington,$4.125,4.125
2,AL,01,01001,Autauga,$3.975,3.975
2,AL,01,01003,Baldwin,$3.923,3.923
2,AL,01,01005,Barbour,$4.100,4.1
2,AL,01,01007,Bibb,$4.088,4.088
2,AL,01,01009,Blount,$4.060,4.06
2,AL,01,01011,Bullock,$4.062,4.062
2,AL,01,01013,Butler,$4.032,4.032
2,AL,01,01015,Calhoun,$3.983,3.983
2,AL,01,01017,Chambers,$3.959,3.959
2,AL,01,01019,Cherokee,$3.977,3.977
2,AL,01,01021,Chilton,$4.066,4.066
2,AL,01,01023,Choctaw,$4.201,4.201
2,AL,01,01025,Clarke,$4.172,4.172
2,AL,01,01027,Clay,$4.082,4.082
2,AL,01,01029,Cleburne,$4.061,4.061
2,AL,01,01031,Coffee,$3.991,3.991
2,AL,01,01033,Colbert,$4.000,4
2,AL,01,01035,Conecuh,$4.103,4.103
2,AL,01,01037,Coosa,$4.119,4.119
2,AL,01,01039,Covington,$4.017,4.017
2,AL,01,01041,Crenshaw,$4.061,4.061
2,AL,01,01043,Cullman,$4.054,4.054
2,AL,01,01045,Dale,$4.011,4.011
2,AL,01,01047,Dallas,$4.035,4.035
2,AL,NA,01049,DeKalb,$3.990,3.99
2,AL,01,01051,Elmore,$4.015,4.015
2,AL,01,01053,Escambia,$4.086,4.086
2,AL,01,01055,Etowah,$3.954,3.954
2,AL,01,01057,Fayette,$4.184,4.184
2,AL,01,01059,Franklin,$3.991,3.991
2,AL,01,01061,Geneva,$4.027,4.027
2,AL,01,01063,Greene,$4.196,4.196
2,AL,01,01065,Hale,$4.101,4.101
2,AL,01,01067,Henry,$3.983,3.983
2,AL,01,01069,Houston,$3.959,3.959
2,AL,01,01071,Jackson,$4.068,4.068
2,AL,01,01073,Jefferson,$4.011,4.011
2,AL,01,01075,Lamar,$4.220,4.22
2,AL,01,01077,Lauderdale,$4.041,4.041
2,AL,01,01079,Lawrence,$3.987,3.987
2,AL,01,01081,Lee,$3.996,3.996
2,AL,01,01083,Limestone,$4.026,4.026
2,AL,01,01085,Lowndes,$4.050,4.05
2,AL,01,01087,Macon,$4.121,4.121
2,AL,01,01089,Madison,$4.033,4.033
2,AL,01,01091,Marengo,$4.098,4.098
2,AL,01,01093,Marion,$4.090,4.09
2,AL,01,01095,Marshall,$3.964,3.964
2,AL,01,01097,Mobile,$3.934,3.934
2,AL,01,01099,Monroe,$4.081,4.081
2,AL,01,01101,Montgomery,$4.023,4.023
2,AL,01,01103,Morgan,$4.009,4.009
2,AL,01,01105,Perry,$4.332,4.332
2,AL,01,01107,Pickens,$4.136,4.136
2,AL,01,01109,Pike,$4.102,4.102
2,AL,01,01111,Randolph,$4.096,4.096
2,AL,01,01113,Russell,$4.045,4.045
2,AL,01,01117,Shelby,$3.974,3.974
2,AL,01,01115,St. Clair,$3.963,3.963
2,AL,01,01119,Sumter,$4.050,4.05
2,AL,01,01121,Talladega,$3.986,3.986
2,AL,01,01123,Tallapoosa,$4.046,4.046
2,AL,01,01125,Tuscaloosa,$4.017,4.017
2,AL,01,01127,Walker,$3.955,3.955
2,AL,01,01129,Washington,$4.172,4.172
2,AL,01,01131,Wilcox,$4.287,4.287
2,AL,01,01133,Winston,$4.106,4.106
4,AK,02,02013,Aleutians East,,NA
4,AK,02,02016,Aleutians West,,NA
4,AK,02,02020,Anchorage,$5.006,5.006
4,AK,02,02050,Bethel,,NA
4,AK,02,02060,Bristol Bay,,NA
4,AK,02,02068,Denali,$5.349,5.349
4,AK,02,02070,Dillingham,,NA
4,AK,02,02090,Fairbanks North Star,$5.015,5.015
4,AK,02,02100,Haines,$4.399,4.399
4,AK,NA,02110,Juneau,$4.769,4.769
4,AK,02,02122,Kenai Peninsula,$5.107,5.107
4,AK,02,02130,Ketchikan Gateway,$4.771,4.771
4,AK,02,02150,Kodiak Island,$5.779,5.779
4,AK,02,02170,Matanuska Susitna,$4.910,4.91
4,AK,02,02180,Nome,,NA
4,AK,02,02185,North Slope,,NA
4,AK,02,02188,Northwest Arctic,,NA
4,AK,02,02164,Lake and Peninsula,,NA
4,AK,NA,02201,Prince Wales Ketchikan,$5.944,5.944
4,AK,NA,02220,Sitka,$5.049,5.049
4,AK,02,02232,Skagway Hoonah Angoon,,NA
4,AK,02,02240,Southeast Fairbanks,$5.116,5.116
4,AK,02,02261,Valdez Cordova,$5.520,5.52
4,AK,02,02270,Wade Hampton,,NA
4,AK,02,02280,Wrangell Petersburg,$4.829,4.829
4,AK,NA,02282,Yakutat,,NA
4,AK,02,02290,Yukon Koyukuk,$5.369,5.369
5,AZ,04,04001,Apache,$4.774,4.774
5,AZ,04,04003,Cochise,$4.521,4.521
5,AZ,04,04005,Coconino,$4.894,4.894
5,AZ,04,04007,Gila,$4.624,4.624
5,AZ,04,04009,Graham,$4.791,4.791
5,AZ,04,04011,Greenlee,$4.587,4.587
5,AZ,04,04012,La Paz,$4.698,4.698
5,AZ,04,04013,Maricopa,$4.841,4.841
5,AZ,04,04015,Mohave,$4.885,4.885
5,AZ,04,04017,Navajo,$4.769,4.769
5,AZ,04,04019,Pima,$4.486,4.486
5,AZ,04,04021,Pinal,$4.693,4.693
5,AZ,04,04023,Santa Cruz,$4.644,4.644
5,AZ,04,04025,Yavapai,$4.807,4.807
5,AZ,04,04027,Yuma,$4.725,4.725
6,AR,05,05001,Arkansas,$3.924,3.924
6,AR,05,05003,Ashley,$4.046,4.046
6,AR,05,05005,Baxter,$3.979,3.979
6,AR,05,05007,Benton,$3.960,3.96
6,AR,05,05009,Boone,$4.176,4.176
6,AR,05,05011,Bradley,$3.945,3.945
6,AR,05,05013,Calhoun,$4.199,4.199
6,AR,05,05015,Carroll,$4.125,4.125
6,AR,05,05017,Chicot,$4.023,4.023
6,AR,05,05019,Clark,$4.049,4.049
6,AR,05,05021,Clay,$4.019,4.019
6,AR,05,05023,Cleburne,$4.039,4.039
6,AR,05,05025,Cleveland,$3.999,3.999
6,AR,05,05027,Columbia,$4.191,4.191
6,AR,05,05029,Conway,$4.010,4.01
6,AR,05,05031,Craighead,$3.855,3.855
6,AR,05,05033,Crawford,$3.987,3.987
6,AR,05,05035,Crittenden,$4.026,4.026
6,AR,05,05037,Cross,$4.074,4.074
6,AR,05,05039,Dallas,$4.013,4.013
6,AR,05,05041,Desha,$4.166,4.166
6,AR,05,05043,Drew,$3.962,3.962
6,AR,05,05045,Faulkner,$3.889,3.889
6,AR,05,05047,Franklin,$4.023,4.023
6,AR,05,05049,Fulton,$4.143,4.143
6,AR,05,05051,Garland,$3.840,3.84
6,AR,05,05053,Grant,$4.004,4.004
6,AR,05,05055,Greene,$3.775,3.775
6,AR,05,05057,Hempstead,$4.077,4.077
6,AR,05,05059,Hot Spring,$3.886,3.886
6,AR,05,05061,Howard,$4.155,4.155
6,AR,05,05063,Independence,$3.986,3.986
6,AR,05,05065,Izard,$4.121,4.121
6,AR,05,05067,Jackson,$3.966,3.966
6,AR,05,05069,Jefferson,$3.981,3.981
6,AR,05,05071,Johnson,$4.025,4.025
6,AR,05,05073,Lafayette,$4.199,4.199
6,AR,05,05075,Lawrence,$4.168,4.168
6,AR,05,05077,Lee,$4.199,4.199
6,AR,05,05079,Lincoln,$4.074,4.074
6,AR,05,05081,Little River,$4.099,4.099
6,AR,05,05083,Logan,$4.088,4.088
6,AR,05,05085,Lonoke,$3.949,3.949
6,AR,05,05087,Madison,$4.144,4.144
6,AR,05,05089,Marion,$4.039,4.039
6,AR,05,05091,Miller,$4.007,4.007
6,AR,05,05093,Mississippi,$4.060,4.06
6,AR,05,05095,Monroe,$3.953,3.953
6,AR,05,05097,Montgomery,$4.344,4.344
6,AR,05,05099,Nevada,$3.960,3.96
6,AR,05,05101,Newton,$4.399,4.399
6,AR,05,05103,Ouachita,$4.063,4.063
6,AR,05,05105,Perry,$3.969,3.969
6,AR,05,05107,Phillips,$4.182,4.182
6,AR,05,05109,Pike,$4.077,4.077
6,AR,05,05111,Poinsett,$4.057,4.057
6,AR,05,05113,Polk,$3.909,3.909
6,AR,05,05115,Pope,$4.013,4.013
6,AR,05,05117,Prairie,$3.960,3.96
6,AR,05,05119,Pulaski,$3.935,3.935
6,AR,05,05121,Randolph,$4.019,4.019
6,AR,05,05125,Saline,$3.890,3.89
6,AR,05,05127,Scott,$3.977,3.977
6,AR,05,05129,Searcy,$4.000,4
6,AR,05,05131,Sebastian,$3.973,3.973
6,AR,05,05133,Sevier,$4.043,4.043
6,AR,05,05135,Sharp,$3.970,3.97
6,AR,05,05123,St. Francis,$4.031,4.031
6,AR,05,05137,Stone,$4.179,4.179
6,AR,05,05139,Union,$3.992,3.992
6,AR,05,05141,Van Buren,$3.935,3.935
6,AR,05,05143,Washington,$3.990,3.99
6,AR,05,05145,White,$3.974,3.974
6,AR,05,05147,Woodruff,$4.016,4.016
6,AR,05,05149,Yell,$4.101,4.101
7,CA,06,06001,Alameda,$6.502,6.502
7,CA,06,06003,Alpine,$6.799,6.799
7,CA,06,06005,Amador,$6.423,6.423
7,CA,06,06007,Butte,$6.211,6.211
7,CA,06,06009,Calaveras,$6.419,6.419
7,CA,06,06011,Colusa,$6.333,6.333
7,CA,06,06013,Contra Costa,$6.422,6.422
7,CA,06,06015,Del Norte,$6.289,6.289
7,CA,06,06017,El Dorado,$6.435,6.435
7,CA,06,06019,Fresno,$6.444,6.444
7,CA,06,06021,Glenn,$6.384,6.384
7,CA,06,06023,Humboldt,$6.872,6.872
7,CA,06,06025,Imperial,$6.130,6.13
7,CA,06,06027,Inyo,$6.621,6.621
7,CA,06,06029,Kern,$6.357,6.357
7,CA,06,06031,Kings,$6.363,6.363
7,CA,06,06033,Lake,$6.453,6.453
7,CA,06,06035,Lassen,$6.341,6.341
7,CA,06,06037,Los Angeles,$6.432,6.432
7,CA,06,06039,Madera,$6.427,6.427
7,CA,06,06041,Marin,$6.595,6.595
7,CA,06,06043,Mariposa,$6.558,6.558
7,CA,06,06045,Mendocino,$6.446,6.446
7,CA,06,06047,Merced,$6.300,6.3
7,CA,06,06049,Modoc,$6.498,6.498
7,CA,06,06051,Mono,$7.305,7.305
7,CA,06,06053,Monterey,$6.591,6.591
7,CA,06,06055,Napa,$6.520,6.52
7,CA,06,06057,Nevada,$6.626,6.626
7,CA,06,06059,Orange,$6.401,6.401
7,CA,06,06061,Placer,$6.426,6.426
7,CA,06,06063,Plumas,$6.423,6.423
7,CA,06,06065,Riverside,$6.330,6.33
7,CA,06,06067,Sacramento,$6.335,6.335
7,CA,06,06069,San Benito,$6.504,6.504
7,CA,06,06071,San Bernardino,$6.323,6.323
7,CA,06,06073,San Diego,$6.425,6.425
7,CA,06,06075,San Francisco,$6.553,6.553
7,CA,06,06077,San Joaquin,$6.291,6.291
7,CA,06,06079,San Luis Obispo,$6.585,6.585
7,CA,06,06081,San Mateo,$6.625,6.625
7,CA,06,06083,Santa Barbara,$6.405,6.405
7,CA,06,06085,Santa Clara,$6.414,6.414
7,CA,06,06087,Santa Cruz,$6.423,6.423
7,CA,06,06089,Shasta,$6.227,6.227
7,CA,06,06091,Sierra,$6.499,6.499
7,CA,06,06093,Siskiyou,$6.418,6.418
7,CA,06,06095,Solano,$6.372,6.372
7,CA,06,06097,Sonoma,$6.613,6.613
7,CA,06,06099,Stanislaus,$6.222,6.222
7,CA,06,06101,Sutter,$6.138,6.138
7,CA,06,06103,Tehama,$6.148,6.148
7,CA,06,06105,Trinity,$6.331,6.331
7,CA,06,06107,Tulare,$6.362,6.362
7,CA,06,06109,Tuolumne,$6.253,6.253
7,CA,06,06111,Ventura,$6.377,6.377
7,CA,06,06113,Yolo,$6.340,6.34
7,CA,06,06115,Yuba,$6.184,6.184
8,CO,08,08001,Adams,$3.762,3.762
8,CO,08,08003,Alamosa,$4.166,4.166
8,CO,08,08005,Arapahoe,$3.878,3.878
8,CO,08,08007,Archuleta,$4.684,4.684
8,CO,08,08009,Baca,$4.096,4.096
8,CO,08,08011,Bent,$4.079,4.079
8,CO,08,08013,Boulder,$4.181,4.181
8,CO,08,08014,Broomfield,$3.816,3.816
8,CO,08,08015,Chaffee,$4.520,4.52
8,CO,08,08017,Cheyenne,$4.186,4.186
8,CO,08,08019,Clear Creek,$4.487,4.487
8,CO,08,08021,Conejos,$4.116,4.116
8,CO,08,08023,Costilla,$4.329,4.329
8,CO,08,08025,Crowley,$4.099,4.099
8,CO,08,08027,Custer,$4.299,4.299
8,CO,08,08029,Delta,$4.613,4.613
8,CO,08,08031,Denver,$3.920,3.92
8,CO,08,08033,Dolores,$4.699,4.699
8,CO,08,08035,Douglas,$3.956,3.956
8,CO,08,08037,Eagle,$4.796,4.796
8,CO,08,08041,El Paso,$3.874,3.874
8,CO,08,08039,Elbert,$4.211,4.211
8,CO,08,08043,Fremont,$4.187,4.187
8,CO,08,08045,Garfield,$4.834,4.834
8,CO,08,08047,Gilpin,$4.499,4.499
8,CO,08,08049,Grand,$4.541,4.541
8,CO,08,08051,Gunnison,$4.499,4.499
8,CO,08,08053,Hinsdale,$5.219,5.219
8,CO,08,08055,Huerfano,$4.173,4.173
8,CO,08,08057,Jackson,$4.899,4.899
8,CO,08,08059,Jefferson,$4.045,4.045
8,CO,08,08061,Kiowa,$4.109,4.109
8,CO,08,08063,Kit Carson,$4.207,4.207
8,CO,08,08067,La Plata,$4.772,4.772
8,CO,08,08065,Lake,$4.567,4.567
8,CO,08,08069,Larimer,$4.104,4.104
8,CO,08,08071,Las Animas,$4.205,4.205
8,CO,08,08073,Lincoln,$4.217,4.217
8,CO,08,08075,Logan,$4.396,4.396
8,CO,08,08077,Mesa,$4.426,4.426
8,CO,08,08079,Mineral,$4.799,4.799
8,CO,08,08081,Moffat,$4.660,4.66
8,CO,08,08083,Montezuma,$4.381,4.381
8,CO,08,08085,Montrose,$4.633,4.633
8,CO,08,08087,Morgan,$4.299,4.299
8,CO,08,08089,Otero,$4.140,4.14
8,CO,08,08091,Ouray,$4.989,4.989
8,CO,08,08093,Park,$4.552,4.552
8,CO,08,08095,Phillips,$4.822,4.822
8,CO,08,08097,Pitkin,$5.767,5.767
8,CO,08,08099,Prowers,$4.137,4.137
8,CO,08,08101,Pueblo,$3.954,3.954
8,CO,08,08103,Rio Blanco,$4.661,4.661
8,CO,08,08105,Rio Grande,$4.274,4.274
8,CO,08,08107,Routt,$4.960,4.96
8,CO,08,08109,Saguache,$4.449,4.449
8,CO,08,08111,San Juan,$4.999,4.999
8,CO,08,08113,San Miguel,$5.029,5.029
8,CO,08,08115,Sedgwick,$4.632,4.632
8,CO,08,08117,Summit,$4.556,4.556
8,CO,08,08119,Teller,$4.099,4.099
8,CO,08,08121,Washington,$4.499,4.499
8,CO,08,08123,Weld,$3.793,3.793
8,CO,08,08125,Yuma,$4.394,4.394
9,CT,09,09001,Fairfield,$4.549,4.549
9,CT,09,09003,Hartford,$4.431,4.431
9,CT,09,09005,Litchfield,$4.436,4.436
9,CT,09,09007,Middlesex,$4.406,4.406
9,CT,09,09009,New Haven,$4.437,4.437
9,CT,09,09011,New London,$4.454,4.454
9,CT,09,09013,Tolland,$4.439,4.439
9,CT,09,09015,Windham,$4.494,4.494
10,DE,10,10001,Kent,$4.352,4.352
10,DE,10,10003,New castle,$4.264,4.264
10,DE,10,10005,Sussex,$4.354,4.354
11,GA,13,13001,Appling,$3.792,3.792
11,GA,13,13003,Atkinson,$3.832,3.832
11,GA,13,13005,Bacon,$3.957,3.957
11,GA,13,13021,Bibb,$3.923,3.923
11,GA,13,13031,Bulloch,$3.798,3.798
11,GA,13,13009,Baldwin,$3.803,3.803
11,GA,13,13025,Brantley,$3.835,3.835
11,GA,13,13017,Ben Hill,$3.815,3.815
11,GA,13,13019,Berrien,$3.952,3.952
11,GA,13,13007,Baker,$3.899,3.899
11,GA,13,13023,Bleckley,$3.959,3.959
11,GA,13,13011,Banks,$4.013,4.013
11,GA,13,13027,Brooks,$3.864,3.864
11,GA,13,13029,Bryan,$3.918,3.918
11,GA,13,13035,Butts,$3.896,3.896
11,GA,13,13015,Bartow,$3.834,3.834
11,GA,13,13033,Burke,$3.880,3.88
11,GA,13,13013,Barrow,$3.878,3.878
11,GA,13,13051,Chatham,$3.870,3.87
11,GA,13,13067,Cobb,$3.925,3.925
11,GA,13,13053,Chattahoochee,$3.866,3.866
11,GA,13,13079,Crawford,$4.139,4.139
11,GA,13,13057,Cherokee,$3.976,3.976
11,GA,13,13069,Coffee,$3.903,3.903
11,GA,13,13055,Chattooga,$3.926,3.926
11,GA,13,13049,Charlton,$3.845,3.845
11,GA,13,13065,Clinch,$4.273,4.273
11,GA,13,13059,Clarke,$3.945,3.945
11,GA,13,13037,Calhoun,$3.899,3.899
11,GA,13,13039,Camden,$3.825,3.825
11,GA,13,13043,Candler,$3.849,3.849
11,GA,13,13075,Cook,$3.945,3.945
11,GA,13,13081,Crisp,$3.729,3.729
11,GA,13,13071,Colquitt,$3.816,3.816
11,GA,13,13045,Carroll,$3.947,3.947
11,GA,13,13047,Catoosa,$3.647,3.647
11,GA,13,13063,Clayton,$3.969,3.969
11,GA,13,13073,Columbia,$3.658,3.658
11,GA,13,13077,Coweta,$3.973,3.973
11,GA,13,13061,Clay,$3.999,3.999
11,GA,13,13083,Dade,$3.785,3.785
11,GA,13,13087,Decatur,$3.787,3.787
11,GA,13,13097,Douglas,$3.973,3.973
11,GA,13,13089,DeKalb,$3.974,3.974
11,GA,13,13093,Dooly,$3.954,3.954
11,GA,13,13091,Dodge,$3.998,3.998
11,GA,13,13095,Dougherty,$3.677,3.677
11,GA,13,13085,Dawson,$3.941,3.941
11,GA,13,13099,Early,$4.149,4.149
11,GA,13,13101,Echols,$4.099,4.099
11,GA,13,13103,Effingham,$3.802,3.802
11,GA,13,13105,Elbert,$3.976,3.976
11,GA,13,13107,Emanuel,$3.992,3.992
11,GA,13,13109,Evans,$3.989,3.989
11,GA,13,13111,Fannin,$3.991,3.991
11,GA,13,13115,Floyd,$3.890,3.89
11,GA,13,13117,Forsyth,$3.945,3.945
11,GA,13,13119,Franklin,$3.998,3.998
11,GA,13,13121,Fulton,$4.113,4.113
11,GA,13,13113,Fayette,$4.025,4.025
11,GA,13,13133,Greene,$4.110,4.11
11,GA,13,13123,Gilmer,$3.943,3.943
11,GA,13,13125,Glascock,$3.749,3.749
11,GA,13,13129,Gordon,$3.899,3.899
11,GA,13,13131,Grady,$3.919,3.919
11,GA,13,13135,Gwinnett,$3.930,3.93
11,GA,13,13127,Glynn,$3.679,3.679
11,GA,13,13137,Habersham,$3.947,3.947
11,GA,13,13149,Heard,$3.986,3.986
11,GA,13,13145,Harris,$4.080,4.08
11,GA,13,13139,Hall,$3.943,3.943
11,GA,13,13141,Hancock,$4.132,4.132
11,GA,13,13153,Houston,$3.808,3.808
11,GA,13,13143,Haralson,$3.904,3.904
11,GA,13,13147,Hart,$3.921,3.921
11,GA,13,13151,Henry,$3.869,3.869
11,GA,13,13155,Irwin,$3.839,3.839
11,GA,13,13157,Jackson,$3.914,3.914
11,GA,13,13161,Jeff Davis,$3.782,3.782
11,GA,13,13163,Jefferson,$3.889,3.889
11,GA,13,13165,Jenkins,$3.739,3.739
11,GA,13,13169,Jones,$3.881,3.881
11,GA,13,13167,Johnson,$3.769,3.769
11,GA,13,13159,Jasper,$4.023,4.023
11,GA,13,13171,Lamar,$3.932,3.932
11,GA,13,13181,Lincoln,$3.862,3.862
11,GA,13,13177,Lee,$3.565,3.565
11,GA,13,13179,Liberty,$3.847,3.847
11,GA,13,13173,Lanier,$3.824,3.824
11,GA,13,13183,Long,$3.779,3.779
11,GA,13,13187,Lumpkin,$3.952,3.952
11,GA,13,13175,Laurens,$3.762,3.762
11,GA,13,13185,Lowndes,$3.774,3.774
11,GA,13,13193,Macon,$3.966,3.966
11,GA,13,13189,Mcduffie,$3.771,3.771
11,GA,13,13195,Madison,$3.924,3.924
11,GA,13,13199,Meriwether,$3.931,3.931
11,GA,13,13209,Montgomery,$3.845,3.845
11,GA,13,13191,Mcintosh,$3.843,3.843
11,GA,13,13201,Miller,$3.911,3.911
11,GA,13,13211,Morgan,$3.879,3.879
11,GA,13,13207,Monroe,$4.056,4.056
11,GA,13,13197,Marion,$3.799,3.799
11,GA,13,13215,Muscogee,$3.909,3.909
11,GA,13,13205,Mitchell,$3.874,3.874
11,GA,13,13213,Murray,$3.827,3.827
11,GA,13,13217,Newton,$3.950,3.95
11,GA,13,13219,Oconee,$3.917,3.917
11,GA,13,13221,Oglethorpe,$4.059,4.059
11,GA,13,13225,Peach,$3.801,3.801
11,GA,13,13227,Pickens,$3.785,3.785
11,GA,13,13223,Paulding,$3.956,3.956
11,GA,13,13229,Pierce,$3.822,3.822
11,GA,13,13231,Pike,$4.032,4.032
11,GA,13,13235,Pulaski,$4.021,4.021
11,GA,13,13233,Polk,$3.964,3.964
11,GA,13,13237,Putnam,$3.930,3.93
11,GA,13,13239,Quitman,$4.024,4.024
11,GA,13,13243,Randolph,$3.924,3.924
11,GA,13,13241,Rabun,$3.943,3.943
11,GA,13,13245,Richmond,$3.884,3.884
11,GA,13,13247,Rockdale,$3.945,3.945
11,GA,13,13249,Schley,$3.729,3.729
11,GA,13,13257,Stephens,$3.872,3.872
11,GA,13,13253,Seminole,$3.889,3.889
11,GA,13,13255,Spalding,$4.051,4.051
11,GA,13,13251,Screven,$3.993,3.993
11,GA,13,13259,Stewart,$3.979,3.979
11,GA,13,13261,Sumter,$3.836,3.836
11,GA,13,13265,Taliaferro,$3.849,3.849
11,GA,13,13263,Talbot,$4.242,4.242
11,GA,13,13283,Treutlen,$3.887,3.887
11,GA,13,13271,Telfair,$3.847,3.847
11,GA,13,13275,Thomas,$3.835,3.835
11,GA,13,13277,Tift,$3.780,3.78
11,GA,13,13273,Terrell,$3.721,3.721
11,GA,13,13279,Toombs,$3.743,3.743
11,GA,13,13281,Towns,$4.054,4.054
11,GA,13,13285,Troup,$3.968,3.968
11,GA,13,13267,Tattnall,$3.856,3.856
11,GA,13,13287,Turner,$3.898,3.898
11,GA,13,13289,Twiggs,$4.052,4.052
11,GA,13,13269,Taylor,$3.998,3.998
11,GA,13,13291,Union,$4.045,4.045
11,GA,13,13293,Upson,$3.880,3.88
11,GA,13,13299,Ware,$3.652,3.652
11,GA,13,13315,Wilcox,$3.932,3.932
11,GA,13,13309,Wheeler,$3.897,3.897
11,GA,13,13303,Washington,$3.723,3.723
11,GA,13,13313,Whitfield,$3.883,3.883
11,GA,13,13319,Wilkinson,$3.896,3.896
11,GA,13,13295,Walker,$3.808,3.808
11,GA,13,13317,Wilkes,$4.012,4.012
11,GA,13,13297,Walton,$3.916,3.916
11,GA,13,13321,Worth,$3.796,3.796
11,GA,13,13301,Warren,$3.849,3.849
11,GA,13,13307,Webster,$3.749,3.749
11,GA,13,13311,White,$3.989,3.989
11,GA,13,13305,Wayne,$3.789,3.789
12,HI,15,15001,Hawaii,$5.723,5.723
12,HI,15,15003,Honolulu,$5.556,5.556
12,HI,15,15005,Kalawao,,NA
12,HI,15,15007,Kauai,$5.888,5.888
12,HI,15,15009,Maui,$5.737,5.737
13,ID,16,16001,Ada,$5.062,5.062
13,ID,16,16003,Adams,$5.181,5.181
13,ID,16,16005,Bannock,$5.057,5.057
13,ID,16,16007,Bear Lake,$5.077,5.077
13,ID,16,16009,Benewah,$4.635,4.635
13,ID,16,16011,Bingham,$4.989,4.989
13,ID,16,16013,Blaine,$5.270,5.27
13,ID,16,16015,Boise,$5.454,5.454
13,ID,16,16017,Bonner,$4.713,4.713
13,ID,16,16019,Bonneville,$4.938,4.938
13,ID,16,16021,Boundary,$4.587,4.587
13,ID,16,16023,Butte,$5.136,5.136
13,ID,16,16025,Camas,$5.349,5.349
13,ID,16,16027,Canyon,$5.041,5.041
13,ID,16,16029,Caribou,$5.049,5.049
13,ID,16,16031,Cassia,$5.049,5.049
13,ID,16,16033,Clark,$5.679,5.679
13,ID,16,16035,Clearwater,$4.799,4.799
13,ID,16,16037,Custer,$5.156,5.156
13,ID,16,16039,Elmore,$5.088,5.088
13,ID,16,16041,Franklin,$4.937,4.937
13,ID,16,16043,Fremont,$5.332,5.332
13,ID,16,16045,Gem,$5.066,5.066
13,ID,16,16047,Gooding,$5.087,5.087
13,ID,16,16049,Idaho,$4.806,4.806
13,ID,16,16051,Jefferson,$5.058,5.058
13,ID,16,16053,Jerome,$5.052,5.052
13,ID,16,16055,Kootenai,$4.568,4.568
13,ID,16,16057,Latah,$4.750,4.75
13,ID,16,16059,Lemhi,$4.915,4.915
13,ID,16,16061,Lewis,$4.779,4.779
13,ID,16,16063,Lincoln,$5.099,5.099
13,ID,16,16065,Madison,$5.017,5.017
13,ID,16,16067,Minidoka,$5.013,5.013
13,ID,16,16069,Nez perce,$4.588,4.588
13,ID,16,16071,Oneida,$4.999,4.999
13,ID,16,16073,Owyhee,$5.099,5.099
13,ID,16,16075,Payette,$5.157,5.157
13,ID,16,16077,Power,$5.032,5.032
13,ID,16,16079,Shoshone,$4.994,4.994
13,ID,16,16081,Teton,$5.078,5.078
13,ID,16,16083,Twin falls,$5.074,5.074
13,ID,16,16085,Valley,$5.325,5.325
13,ID,16,16087,Washington,$5.126,5.126
14,IL,17,17001,Adams,$4.666,4.666
14,IL,17,17003,Alexander,$4.899,4.899
14,IL,17,17005,Bond,$4.666,4.666
14,IL,17,17007,Boone,$4.648,4.648
14,IL,17,17009,Brown,$4.566,4.566
14,IL,17,17011,Bureau,$4.642,4.642
14,IL,17,17013,Calhoun,$4.299,4.299
14,IL,17,17015,Carroll,$4.742,4.742
14,IL,17,17017,Cass,$4.730,4.73
14,IL,17,17019,Champaign,$4.555,4.555
14,IL,17,17021,Christian,$4.745,4.745
14,IL,17,17023,Clark,$4.674,4.674
14,IL,17,17025,Clay,$4.637,4.637
14,IL,17,17027,Clinton,$4.621,4.621
14,IL,17,17029,Coles,$4.558,4.558
14,IL,17,17031,Cook,$4.867,4.867
14,IL,17,17033,Crawford,$4.545,4.545
14,IL,17,17035,Cumberland,$4.644,4.644
14,IL,NA,17039,De Witt,$4.663,4.663
14,IL,NA,17037,DeKalb,$4.705,4.705
14,IL,17,17041,Douglas,$4.506,4.506
14,IL,NA,17043,DuPage,$4.661,4.661
14,IL,17,17045,Edgar,$4.342,4.342
14,IL,17,17047,Edwards,$4.649,4.649
14,IL,17,17049,Effingham,$4.381,4.381
14,IL,17,17051,Fayette,$4.463,4.463
14,IL,17,17053,Ford,$4.735,4.735
14,IL,17,17055,Franklin,$4.603,4.603
14,IL,17,17057,Fulton,$4.653,4.653
14,IL,17,17059,Gallatin,$4.799,4.799
14,IL,17,17061,Greene,$4.583,4.583
14,IL,17,17063,Grundy,$4.456,4.456
14,IL,17,17065,Hamilton,$4.712,4.712
14,IL,17,17067,Hancock,$4.721,4.721
14,IL,17,17069,Hardin,$4.649,4.649
14,IL,17,17071,Henderson,$4.743,4.743
14,IL,17,17073,Henry,$4.762,4.762
14,IL,17,17075,Iroquois,$4.536,4.536
14,IL,17,17077,Jackson,$4.763,4.763
14,IL,17,17079,Jasper,$4.599,4.599
14,IL,17,17081,Jefferson,$4.609,4.609
14,IL,17,17083,Jersey,$4.288,4.288
14,IL,17,17085,Jo Daviess,$4.636,4.636
14,IL,17,17087,Johnson,$4.566,4.566
14,IL,17,17089,Kane,$4.671,4.671
14,IL,17,17091,Kankakee,$4.660,4.66
14,IL,17,17093,Kendall,$4.542,4.542
14,IL,17,17095,Knox,$4.666,4.666
14,IL,NA,17099,La Salle,$4.578,4.578
14,IL,17,17097,Lake,$4.643,4.643
14,IL,17,17101,Lawrence,$4.563,4.563
14,IL,17,17103,Lee,$4.598,4.598
14,IL,17,17105,Livingston,$4.603,4.603
14,IL,17,17107,Logan,$4.650,4.65
14,IL,17,17115,Macon,$4.628,4.628
14,IL,17,17117,Macoupin,$4.587,4.587
14,IL,17,17119,Madison,$4.615,4.615
14,IL,17,17121,Marion,$4.670,4.67
14,IL,17,17123,Marshall,$4.657,4.657
14,IL,17,17125,Mason,$4.690,4.69
14,IL,17,17127,Massac,$4.619,4.619
14,IL,17,17109,McDonough,$4.528,4.528
14,IL,17,17111,McHenry,$4.646,4.646
14,IL,17,17113,McLean,$4.560,4.56
14,IL,17,17129,Menard,$4.676,4.676
14,IL,17,17131,Mercer,$4.740,4.74
14,IL,17,17133,Monroe,$4.802,4.802
14,IL,17,17135,Montgomery,$4.532,4.532
14,IL,17,17137,Morgan,$4.469,4.469
14,IL,17,17139,Moultrie,$4.607,4.607
14,IL,17,17141,Ogle,$4.562,4.562
14,IL,17,17143,Peoria,$4.789,4.789
14,IL,17,17145,Perry,$4.799,4.799
14,IL,17,17147,Piatt,$4.760,4.76
14,IL,17,17149,Pike,$4.673,4.673
14,IL,17,17151,Pope,$4.699,4.699
14,IL,17,17153,Pulaski,$4.699,4.699
14,IL,17,17155,Putnam,$4.699,4.699
14,IL,17,17157,Randolph,$4.774,4.774
14,IL,17,17159,Richland,$4.099,4.099
14,IL,17,17161,Rock Island,$4.742,4.742
14,IL,17,17165,Saline,$4.523,4.523
14,IL,17,17167,Sangamon,$4.550,4.55
14,IL,17,17169,Schuyler,$4.475,4.475
14,IL,17,17171,Scott,$4.349,4.349
14,IL,17,17173,Shelby,$4.632,4.632
14,IL,17,17163,St. Clair,$4.741,4.741
14,IL,17,17175,Stark,$4.694,4.694
14,IL,17,17177,Stephenson,$4.718,4.718
14,IL,17,17179,Tazewell,$4.700,4.7
14,IL,17,17181,Union,$4.799,4.799
14,IL,17,17183,Vermilion,$4.615,4.615
14,IL,17,17185,Wabash,$4.567,4.567
14,IL,17,17187,Warren,$4.705,4.705
14,IL,17,17189,Washington,$4.787,4.787
14,IL,17,17191,Wayne,$4.539,4.539
14,IL,17,17193,White,$4.635,4.635
14,IL,17,17195,Whiteside,$4.593,4.593
14,IL,17,17197,Will,$4.606,4.606
14,IL,17,17199,Williamson,$4.642,4.642
14,IL,17,17201,Winnebago,$4.644,4.644
14,IL,17,17203,Woodford,$4.682,4.682
15,IN,18,18001,Adams,$3.875,3.875
15,IN,18,18003,Allen,$3.706,3.706
15,IN,18,18005,Bartholomew,$3.788,3.788
15,IN,18,18007,Benton,$3.791,3.791
15,IN,18,18009,Blackford,$3.909,3.909
15,IN,18,18011,Boone,$3.778,3.778
15,IN,18,18013,Brown,$3.899,3.899
15,IN,18,18015,Carroll,$3.899,3.899
15,IN,18,18017,Cass,$3.950,3.95
15,IN,18,18019,Clark,$3.774,3.774
15,IN,18,18021,Clay,$3.817,3.817
15,IN,18,18023,Clinton,$3.811,3.811
15,IN,18,18025,Crawford,$3.849,3.849
15,IN,18,18027,Daviess,$3.908,3.908
15,IN,NA,18033,De Kalb,$3.799,3.799
15,IN,18,18029,Dearborn,$3.958,3.958
15,IN,18,18031,Decatur,$3.908,3.908
15,IN,18,18035,Delaware,$3.806,3.806
15,IN,18,18037,Dubois,$3.723,3.723
15,IN,18,18039,Elkhart,$3.803,3.803
15,IN,18,18041,Fayette,$3.866,3.866
15,IN,18,18043,Floyd,$3.952,3.952
15,IN,18,18045,Fountain,$3.908,3.908
15,IN,18,18047,Franklin,$3.914,3.914
15,IN,18,18049,Fulton,$3.899,3.899
15,IN,18,18051,Gibson,$3.825,3.825
15,IN,18,18053,Grant,$3.821,3.821
15,IN,18,18055,Greene,$3.860,3.86
15,IN,18,18057,Hamilton,$3.778,3.778
15,IN,18,18059,Hancock,$3.666,3.666
15,IN,18,18061,Harrison,$3.895,3.895
15,IN,18,18063,Hendricks,$3.642,3.642
15,IN,18,18065,Henry,$3.859,3.859
15,IN,18,18067,Howard,$3.860,3.86
15,IN,18,18069,Huntington,$3.844,3.844
15,IN,18,18071,Jackson,$3.782,3.782
15,IN,18,18073,Jasper,$4.036,4.036
15,IN,18,18075,Jay,$3.780,3.78
15,IN,18,18077,Jefferson,$3.922,3.922
15,IN,18,18079,Jennings,$3.959,3.959
15,IN,18,18081,Johnson,$3.697,3.697
15,IN,18,18083,Knox,$3.790,3.79
15,IN,18,18085,Kosciusko,$3.751,3.751
15,IN,NA,18091,La Porte,$3.813,3.813
15,IN,18,18087,Lagrange,$3.852,3.852
15,IN,18,18089,Lake,$3.780,3.78
15,IN,18,18093,Lawrence,$3.787,3.787
15,IN,18,18095,Madison,$3.772,3.772
15,IN,18,18097,Marion,$3.743,3.743
15,IN,18,18099,Marshall,$3.810,3.81
15,IN,18,18101,Martin,$3.692,3.692
15,IN,18,18103,Miami,$3.777,3.777
15,IN,18,18105,Monroe,$3.824,3.824
15,IN,18,18107,Montgomery,$3.878,3.878
15,IN,18,18109,Morgan,$3.767,3.767
15,IN,18,18111,Newton,$3.820,3.82
15,IN,18,18113,Noble,$3.815,3.815
15,IN,18,18115,Ohio,$3.966,3.966
15,IN,18,18117,Orange,$3.739,3.739
15,IN,18,18119,Owen,$3.923,3.923
15,IN,18,18121,Parke,$3.846,3.846
15,IN,18,18123,Perry,$3.790,3.79
15,IN,18,18125,Pike,$3.810,3.81
15,IN,18,18127,Porter,$3.822,3.822
15,IN,18,18129,Posey,$3.830,3.83
15,IN,18,18131,Pulaski,$4.099,4.099
15,IN,18,18133,Putnam,$3.878,3.878
15,IN,18,18135,Randolph,$3.832,3.832
15,IN,18,18137,Ripley,$3.968,3.968
15,IN,18,18139,Rush,$3.935,3.935
15,IN,18,18143,Scott,$3.592,3.592
15,IN,18,18145,Shelby,$3.749,3.749
15,IN,18,18147,Spencer,$3.776,3.776
15,IN,18,18141,St Joseph,$3.796,3.796
15,IN,18,18149,Starke,$3.939,3.939
15,IN,18,18151,Steuben,$3.532,3.532
15,IN,18,18153,Sullivan,$3.745,3.745
15,IN,18,18155,Switzerland,$3.912,3.912
15,IN,18,18157,Tippecanoe,$3.677,3.677
15,IN,18,18159,Tipton,$3.890,3.89
15,IN,18,18161,Union,$3.949,3.949
15,IN,18,18163,Vanderburgh,$3.762,3.762
15,IN,18,18165,Vermillion,$3.959,3.959
15,IN,18,18167,Vigo,$3.769,3.769
15,IN,18,18169,Wabash,$3.934,3.934
15,IN,18,18171,Warren,$3.844,3.844
15,IN,18,18173,Warrick,$3.821,3.821
15,IN,18,18175,Washington,$3.988,3.988
15,IN,18,18177,Wayne,$3.686,3.686
15,IN,18,18179,Wells,$3.684,3.684
15,IN,18,18181,White,$4.030,4.03
15,IN,18,18183,Whitley,$3.747,3.747
16,IA,19,19001,Adair,$4.224,4.224
16,IA,19,19003,Adams,$4.182,4.182
16,IA,19,19005,Allamakee,$4.299,4.299
16,IA,19,19007,Appanoose,$4.230,4.23
16,IA,19,19009,Audubon,$4.164,4.164
16,IA,19,19011,Benton,$4.230,4.23
16,IA,19,19013,Black Hawk,$4.010,4.01
16,IA,19,19015,Boone,$4.355,4.355
16,IA,19,19017,Bremer,$4.212,4.212
16,IA,19,19019,Buchanan,$4.249,4.249
16,IA,19,19021,Buena Vista,$4.012,4.012
16,IA,19,19023,Butler,$4.240,4.24
16,IA,19,19025,Calhoun,$4.154,4.154
16,IA,19,19027,Carroll,$4.274,4.274
16,IA,19,19029,Cass,$4.127,4.127
16,IA,19,19031,Cedar,$4.334,4.334
16,IA,19,19033,Cerro Gordo,$3.836,3.836
16,IA,19,19035,Cherokee,$4.129,4.129
16,IA,19,19037,Chickasaw,$4.206,4.206
16,IA,19,19039,Clarke,$4.312,4.312
16,IA,19,19041,Clay,$4.208,4.208
16,IA,19,19043,Clayton,$4.325,4.325
16,IA,19,19045,Clinton,$4.133,4.133
16,IA,19,19047,Crawford,$4.307,4.307
16,IA,19,19049,Dallas,$4.123,4.123
16,IA,19,19051,Davis,$4.419,4.419
16,IA,19,19053,Decatur,$4.273,4.273
16,IA,19,19055,Delaware,$4.300,4.3
16,IA,19,19057,Des Moines,$4.287,4.287
16,IA,19,19059,Dickinson,$4.334,4.334
16,IA,19,19061,Dubuque,$4.310,4.31
16,IA,19,19063,Emmet,$4.166,4.166
16,IA,19,19065,Fayette,$4.258,4.258
16,IA,19,19067,Floyd,$4.056,4.056
16,IA,19,19069,Franklin,$4.149,4.149
16,IA,19,19071,Fremont,$4.232,4.232
16,IA,19,19073,Greene,$4.252,4.252
16,IA,19,19075,Grundy,$4.237,4.237
16,IA,19,19077,Guthrie,$4.199,4.199
16,IA,19,19079,Hamilton,$4.199,4.199
16,IA,19,19081,Hancock,$3.979,3.979
16,IA,19,19083,Hardin,$4.199,4.199
16,IA,19,19085,Harrison,$4.412,4.412
16,IA,19,19087,Henry,$3.900,3.9
16,IA,19,19089,Howard,$4.255,4.255
16,IA,19,19091,Humboldt,$4.185,4.185
16,IA,19,19093,Ida,$4.175,4.175
16,IA,19,19095,Iowa,$4.067,4.067
16,IA,19,19097,Jackson,$4.253,4.253
16,IA,19,19099,Jasper,$4.027,4.027
16,IA,19,19101,Jefferson,$4.380,4.38
16,IA,19,19103,Johnson,$4.250,4.25
16,IA,19,19105,Jones,$4.338,4.338
16,IA,19,19107,Keokuk,$4.191,4.191
16,IA,19,19109,Kossuth,$4.141,4.141
16,IA,19,19111,Lee,$4.276,4.276
16,IA,19,19113,Linn,$4.058,4.058
16,IA,19,19115,Louisa,$4.399,4.399
16,IA,19,19117,Lucas,$4.299,4.299
16,IA,19,19119,Lyon,$4.290,4.29
16,IA,19,19121,Madison,$4.332,4.332
16,IA,19,19123,Mahaska,$3.881,3.881
16,IA,19,19125,Marion,$3.957,3.957
16,IA,19,19127,Marshall,$4.308,4.308
16,IA,19,19129,Mills,$4.305,4.305
16,IA,19,19131,Mitchell,$4.095,4.095
16,IA,19,19133,Monona,$4.085,4.085
16,IA,19,19135,Monroe,$4.294,4.294
16,IA,19,19137,Montgomery,$4.342,4.342
16,IA,19,19139,Muscatine,$4.305,4.305
16,IA,19,19141,O'Brien,,NA
16,IA,19,19143,Osceola,$4.299,4.299
16,IA,19,19145,Page,$4.253,4.253
16,IA,19,19147,Palo Alto,$4.291,4.291
16,IA,19,19149,Plymouth,$4.241,4.241
16,IA,19,19151,Pocahontas,$4.151,4.151
16,IA,19,19153,Polk,$4.107,4.107
16,IA,19,19155,Pottawattamie,$4.311,4.311
16,IA,19,19157,Poweshiek,$4.235,4.235
16,IA,19,19159,Ringgold,$4.149,4.149
16,IA,19,19161,Sac,$4.012,4.012
16,IA,19,19163,Scott,$4.121,4.121
16,IA,19,19165,Shelby,$4.226,4.226
16,IA,19,19167,Sioux,$4.257,4.257
16,IA,19,19169,Story,$4.268,4.268
16,IA,19,19171,Tama,$4.319,4.319
16,IA,19,19173,Taylor,$4.282,4.282
16,IA,19,19175,Union,$4.197,4.197
16,IA,19,19177,Van Buren,$4.282,4.282
16,IA,19,19179,Wapello,$4.160,4.16
16,IA,19,19181,Warren,$4.148,4.148
16,IA,19,19183,Washington,$4.235,4.235
16,IA,19,19185,Wayne,$4.215,4.215
16,IA,19,19187,Webster,$4.000,4
16,IA,19,19189,Winnebago,$4.127,4.127
16,IA,19,19191,Winneshiek,$4.398,4.398
16,IA,19,19193,Woodbury,$3.943,3.943
16,IA,19,19195,Worth,$3.943,3.943
16,IA,19,19197,Wright,$4.192,4.192
18,KS,20,20001,Allen,$4.024,4.024
18,KS,20,20003,Anderson,$3.895,3.895
18,KS,20,20005,Atchison,$4.157,4.157
18,KS,20,20007,Barber,$4.269,4.269
18,KS,20,20009,Barton,$3.970,3.97
18,KS,20,20011,Bourbon,$4.130,4.13
18,KS,20,20013,Brown,$4.142,4.142
18,KS,20,20015,Butler,$4.125,4.125
18,KS,20,20017,Chase,$3.909,3.909
18,KS,20,20019,Chautauqua,$4.192,4.192
18,KS,20,20021,Cherokee,$4.031,4.031
18,KS,20,20023,Cheyenne,$4.339,4.339
18,KS,20,20025,Clark,$4.229,4.229
18,KS,20,20027,Clay,$4.099,4.099
18,KS,20,20029,Cloud,$3.901,3.901
18,KS,20,20031,Coffey,$3.999,3.999
18,KS,20,20033,Comanche,$4.114,4.114
18,KS,20,20035,Cowley,$4.097,4.097
18,KS,20,20037,Crawford,$4.006,4.006
18,KS,20,20039,Decatur,$4.256,4.256
18,KS,20,20041,Dickinson,$3.895,3.895
18,KS,20,20043,Doniphan,$4.119,4.119
18,KS,20,20045,Douglas,$4.133,4.133
18,KS,20,20047,Edwards,$4.114,4.114
18,KS,20,20049,Elk,$4.099,4.099
18,KS,20,20051,Ellis,$4.133,4.133
18,KS,20,20053,Ellsworth,$4.073,4.073
18,KS,20,20055,Finney,$4.041,4.041
18,KS,20,20057,Ford,$4.054,4.054
18,KS,20,20059,Franklin,$3.975,3.975
18,KS,20,20061,Geary,$4.042,4.042
18,KS,20,20063,Gove,$4.034,4.034
18,KS,20,20065,Graham,$4.249,4.249
18,KS,20,20067,Grant,$4.167,4.167
18,KS,20,20069,Gray,$4.053,4.053
18,KS,20,20071,Greeley,$4.499,4.499
18,KS,20,20073,Greenwood,$4.051,4.051
18,KS,20,20075,Hamilton,$4.252,4.252
18,KS,20,20077,Harper,$4.211,4.211
18,KS,20,20079,Harvey,$4.043,4.043
18,KS,20,20081,Haskell,$4.165,4.165
18,KS,20,20083,Hodgeman,$4.149,4.149
18,KS,20,20085,Jackson,$4.121,4.121
18,KS,20,20087,Jefferson,$4.168,4.168
18,KS,20,20089,Jewell,$4.249,4.249
18,KS,20,20091,Johnson,$4.152,4.152
18,KS,20,20093,Kearny,$3.949,3.949
18,KS,20,20095,Kingman,$4.279,4.279
18,KS,20,20097,Kiowa,$4.201,4.201
18,KS,20,20099,Labette,$3.734,3.734
18,KS,20,20101,Lane,$3.999,3.999
18,KS,20,20103,Leavenworth,$4.049,4.049
18,KS,20,20105,Lincoln,,NA
18,KS,20,20107,Linn,$4.233,4.233
18,KS,20,20109,Logan,$4.139,4.139
18,KS,20,20111,Lyon,$3.939,3.939
18,KS,20,20115,Marion,$4.099,4.099
18,KS,20,20117,Marshall,$4.149,4.149
18,KS,20,20113,Mcpherson,$3.988,3.988
18,KS,20,20119,Meade,$4.145,4.145
18,KS,20,20121,Miami,$4.154,4.154
18,KS,20,20123,Mitchell,$4.201,4.201
18,KS,20,20125,Montgomery,$4.038,4.038
18,KS,20,20127,Morris,$3.793,3.793
18,KS,20,20129,Morton,$4.209,4.209
18,KS,20,20131,Nemaha,$4.216,4.216
18,KS,20,20133,Neosho,$4.068,4.068
18,KS,20,20135,Ness,$4.134,4.134
18,KS,20,20137,Norton,$4.282,4.282
18,KS,20,20139,Osage,$4.024,4.024
18,KS,20,20141,Osborne,$4.262,4.262
18,KS,20,20143,Ottawa,$4.174,4.174
18,KS,20,20145,Pawnee,$3.969,3.969
18,KS,20,20147,Phillips,$4.452,4.452
18,KS,20,20149,Pottawatomie,$4.061,4.061
18,KS,20,20151,Pratt,$4.187,4.187
18,KS,20,20153,Rawlins,$4.249,4.249
18,KS,20,20155,Reno,$3.872,3.872
18,KS,20,20157,Republic,$4.039,4.039
18,KS,20,20159,Rice,$4.119,4.119
18,KS,20,20161,Riley,$4.176,4.176
18,KS,20,20163,Rooks,$4.039,4.039
18,KS,20,20165,Rush,$3.989,3.989
18,KS,20,20167,Russell,$4.002,4.002
18,KS,20,20169,Saline,$4.047,4.047
18,KS,20,20171,Scott,$4.003,4.003
18,KS,20,20173,Sedgwick,$4.077,4.077
18,KS,20,20175,Seward,$4.184,4.184
18,KS,20,20177,Shawnee,$3.995,3.995
18,KS,20,20179,Sheridan,$4.149,4.149
18,KS,20,20181,Sherman,$4.142,4.142
18,KS,20,20183,Smith,$4.176,4.176
18,KS,20,20185,Stafford,$4.217,4.217
18,KS,20,20187,Stanton,$4.324,4.324
18,KS,20,20189,Stevens,$4.124,4.124
18,KS,20,20191,Sumner,$4.046,4.046
18,KS,20,20193,Thomas,$3.995,3.995
18,KS,20,20195,Trego,$4.083,4.083
18,KS,20,20197,Wabaunsee,$4.012,4.012
18,KS,20,20199,Wallace,$4.239,4.239
18,KS,20,20201,Washington,$4.156,4.156
18,KS,20,20203,Wichita,$4.192,4.192
18,KS,20,20205,Wilson,$4.094,4.094
18,KS,20,20207,Woodson,$4.214,4.214
18,KS,20,20209,Wyandotte,$4.172,4.172
19,KY,21,21001,Adair,$3.984,3.984
19,KY,21,21003,Allen,$3.951,3.951
19,KY,21,21005,Anderson,$4.092,4.092
19,KY,21,21007,Ballard,$4.051,4.051
19,KY,21,21009,Barren,$3.937,3.937
19,KY,21,21011,Bath,$4.150,4.15
19,KY,21,21013,Bell,$3.920,3.92
19,KY,21,21015,Boone,$4.210,4.21
19,KY,21,21017,Bourbon,$3.967,3.967
19,KY,21,21019,Boyd,$4.285,4.285
19,KY,21,21021,Boyle,$3.944,3.944
19,KY,21,21023,Bracken,$4.055,4.055
19,KY,21,21025,Breathitt,$4.024,4.024
19,KY,21,21027,Breckinridge,$4.004,4.004
19,KY,21,21029,Bullitt,$3.930,3.93
19,KY,21,21031,Butler,$4.028,4.028
19,KY,21,21033,Caldwell,$4.087,4.087
19,KY,21,21035,Calloway,$3.930,3.93
19,KY,21,21037,Campbell,$4.205,4.205
19,KY,21,21039,Carlisle,$4.087,4.087
19,KY,21,21041,Carroll,$4.096,4.096
19,KY,21,21043,Carter,$4.160,4.16
19,KY,21,21045,Casey,$4.010,4.01
19,KY,21,21047,Christian,$3.781,3.781
19,KY,21,21049,Clark,$4.027,4.027
19,KY,21,21051,Clay,$4.169,4.169
19,KY,21,21053,Clinton,$4.159,4.159
19,KY,21,21055,Crittenden,$3.999,3.999
19,KY,21,21057,Cumberland,$4.166,4.166
19,KY,21,21059,Daviess,$3.811,3.811
19,KY,21,21061,Edmonson,$4.124,4.124
19,KY,21,21063,Elliott,$4.199,4.199
19,KY,21,21065,Estill,$4.115,4.115
19,KY,21,21067,Fayette,$4.153,4.153
19,KY,21,21069,Fleming,$4.179,4.179
19,KY,21,21071,Floyd,$4.087,4.087
19,KY,21,21073,Franklin,$4.050,4.05
19,KY,21,21075,Fulton,$4.025,4.025
19,KY,21,21077,Gallatin,$4.226,4.226
19,KY,21,21079,Garrard,$3.998,3.998
19,KY,21,21081,Grant,$4.082,4.082
19,KY,21,21083,Graves,$3.984,3.984
19,KY,21,21085,Grayson,$4.030,4.03
19,KY,21,21087,Green,$3.923,3.923
19,KY,21,21089,Greenup,$4.185,4.185
19,KY,21,21091,Hancock,$3.949,3.949
19,KY,21,21093,Hardin,$3.927,3.927
19,KY,21,21095,Harlan,$4.090,4.09
19,KY,21,21097,Harrison,$4.020,4.02
19,KY,21,21099,Hart,$3.960,3.96
19,KY,21,21101,Henderson,$3.742,3.742
19,KY,21,21103,Henry,$4.034,4.034
19,KY,21,21105,Hickman,,NA
19,KY,21,21107,Hopkins,$4.050,4.05
19,KY,21,21109,Jackson,$4.055,4.055
19,KY,21,21111,Jefferson,$3.989,3.989
19,KY,21,21113,Jessamine,$3.938,3.938
19,KY,21,21115,Johnson,$4.200,4.2
19,KY,21,21117,Kenton,$4.409,4.409
19,KY,21,21119,Knott,$4.099,4.099
19,KY,21,21121,Knox,$4.021,4.021
19,KY,21,21123,Larue,$3.962,3.962
19,KY,21,21125,Laurel,$3.966,3.966
19,KY,21,21127,Lawrence,$4.050,4.05
19,KY,21,21129,Lee,$4.219,4.219
19,KY,21,21131,Leslie,$4.124,4.124
19,KY,21,21133,Letcher,$4.099,4.099
19,KY,21,21135,Lewis,$4.199,4.199
19,KY,21,21137,Lincoln,$4.010,4.01
19,KY,21,21139,Livingston,$4.035,4.035
19,KY,21,21141,Logan,$3.937,3.937
19,KY,21,21143,Lyon,$4.007,4.007
19,KY,21,21151,Madison,$4.068,4.068
19,KY,21,21153,Magoffin,$4.299,4.299
19,KY,21,21155,Marion,$3.916,3.916
19,KY,21,21157,Marshall,$3.960,3.96
19,KY,21,21159,Martin,$4.241,4.241
19,KY,21,21161,Mason,$4.124,4.124
19,KY,21,21145,McCracken,$3.937,3.937
19,KY,21,21147,McCreary,$4.099,4.099
19,KY,21,21149,McLean,$4.122,4.122
19,KY,21,21163,Meade,$3.996,3.996
19,KY,21,21165,Menifee,$4.149,4.149
19,KY,21,21167,Mercer,$3.990,3.99
19,KY,21,21169,Metcalfe,$3.897,3.897
19,KY,21,21171,Monroe,$3.909,3.909
19,KY,21,21173,Montgomery,$4.003,4.003
19,KY,21,21175,Morgan,$4.238,4.238
19,KY,21,21177,Muhlenberg,$4.215,4.215
19,KY,21,21179,Nelson,$3.987,3.987
19,KY,21,21181,Nicholas,$4.064,4.064
19,KY,21,21183,Ohio,$4.060,4.06
19,KY,21,21185,Oldham,$4.018,4.018
19,KY,21,21187,Owen,$4.299,4.299
19,KY,21,21189,Owsley,$4.199,4.199
19,KY,21,21191,Pendleton,$4.472,4.472
19,KY,21,21193,Perry,$4.009,4.009
19,KY,21,21195,Pike,$4.063,4.063
19,KY,21,21197,Powell,$4.031,4.031
19,KY,21,21199,Pulaski,$3.952,3.952
19,KY,21,21201,Robertson,$4.099,4.099
19,KY,21,21203,Rockcastle,$4.168,4.168
19,KY,21,21205,Rowan,$4.091,4.091
19,KY,21,21207,Russell,$4.005,4.005
19,KY,21,21209,Scott,$3.970,3.97
19,KY,21,21211,Shelby,$3.916,3.916
19,KY,21,21213,Simpson,$3.857,3.857
19,KY,21,21215,Spencer,$4.041,4.041
19,KY,21,21217,Taylor,$3.925,3.925
19,KY,21,21219,Todd,$3.879,3.879
19,KY,21,21221,Trigg,$4.032,4.032
19,KY,21,21223,Trimble,$4.199,4.199
19,KY,21,21225,Union,$4.017,4.017
19,KY,21,21227,Warren,$3.857,3.857
19,KY,21,21229,Washington,$4.111,4.111
19,KY,21,21231,Wayne,$3.975,3.975
19,KY,21,21233,Webster,$4.055,4.055
19,KY,21,21235,Whitley,$3.982,3.982
19,KY,21,21237,Wolfe,$4.169,4.169
19,KY,21,21239,Woodford,$4.208,4.208
20,LA,22,22001,Acadia,$3.977,3.977
20,LA,22,22003,Allen,$4.057,4.057
20,LA,22,22005,Ascension,$3.958,3.958
20,LA,22,22007,Assumption,$3.995,3.995
20,LA,22,22009,Avoyelles,$3.973,3.973
20,LA,22,22011,Beauregard,$3.937,3.937
20,LA,22,22013,Bienville,$4.058,4.058
20,LA,22,22015,Bossier,$3.859,3.859
20,LA,22,22017,Caddo,$3.926,3.926
20,LA,22,22019,Calcasieu,$3.991,3.991
20,LA,22,22021,Caldwell,$4.059,4.059
20,LA,22,22023,Cameron,$4.474,4.474
20,LA,22,22025,Catahoula,$3.999,3.999
20,LA,22,22027,Claiborne,$4.015,4.015
20,LA,22,22029,Concordia,$3.774,3.774
20,LA,22,22031,De Soto,$4.003,4.003
20,LA,22,22033,East Baton Rouge,$3.906,3.906
20,LA,22,22035,East Carroll,$3.999,3.999
20,LA,22,22037,East Feliciana,$4.177,4.177
20,LA,22,22039,Evangeline,$4.021,4.021
20,LA,22,22041,Franklin,$3.997,3.997
20,LA,22,22043,Grant,$4.077,4.077
20,LA,22,22045,Iberia,$3.938,3.938
20,LA,22,22047,Iberville,$4.072,4.072
20,LA,22,22049,Jackson,$3.985,3.985
20,LA,22,22051,Jefferson,$3.914,3.914
20,LA,22,22053,Jefferson Davis,$4.095,4.095
20,LA,22,22059,La Salle,$4.090,4.09
20,LA,22,22055,Lafayette,$3.957,3.957
20,LA,22,22057,Lafourche,$3.991,3.991
20,LA,22,22061,Lincoln,$3.808,3.808
20,LA,22,22063,Livingston,$3.886,3.886
20,LA,22,22065,Madison,$3.912,3.912
20,LA,22,22067,Morehouse,$3.936,3.936
20,LA,22,22069,Natchitoches,$3.965,3.965
20,LA,22,22071,Orleans,$3.950,3.95
20,LA,22,22073,Ouachita,$3.863,3.863
20,LA,22,22075,Plaquemines,$4.167,4.167
20,LA,22,22077,Pointe Coupee,$4.087,4.087
20,LA,22,22079,Rapides,$3.985,3.985
20,LA,22,22081,Red River,$4.004,4.004
20,LA,22,22083,Richland,$3.898,3.898
20,LA,22,22085,Sabine,$4.086,4.086
20,LA,22,22087,St. Bernard,$3.829,3.829
20,LA,22,22089,St. Charles,$3.925,3.925
20,LA,22,22091,St. Helena,$4.114,4.114
20,LA,22,22093,St. James,$4.063,4.063
20,LA,22,22095,St John the Baptist,$3.988,3.988
20,LA,22,22097,St. Landry,$3.947,3.947
20,LA,22,22099,St. Martin,$3.910,3.91
20,LA,22,22101,St. Mary,$4.023,4.023
20,LA,22,22103,St. Tammany,$3.914,3.914
20,LA,22,22105,Tangipahoa,$3.970,3.97
20,LA,22,22107,Tensas,$4.149,4.149
20,LA,22,22109,Terrebonne,$3.950,3.95
20,LA,22,22111,Union,$3.916,3.916
20,LA,22,22113,Vermilion,$4.004,4.004
20,LA,22,22115,Vernon,$4.114,4.114
20,LA,22,22117,Washington,$4.013,4.013
20,LA,22,22119,Webster,$4.112,4.112
20,LA,22,22121,West Baton Rouge,$3.935,3.935
20,LA,22,22123,West Carroll,$3.946,3.946
20,LA,22,22125,West Feliciana,$4.273,4.273
20,LA,22,22127,Winn,$3.979,3.979
21,ME,23,23001,Androscoggin,$4.432,4.432
21,ME,23,23003,Aroostook,$4.457,4.457
21,ME,23,23005,Cumberland,$4.372,4.372
21,ME,23,23007,Franklin,$4.409,4.409
21,ME,23,23009,Hancock,$4.504,4.504
21,ME,23,23011,Kennebec,$4.376,4.376
21,ME,23,23013,Knox,$4.189,4.189
21,ME,23,23015,Lincoln,$4.388,4.388
21,ME,23,23017,Oxford,$4.402,4.402
21,ME,23,23019,Penobscot,$4.422,4.422
21,ME,23,23021,Piscataquis,$4.397,4.397
21,ME,23,23023,Sagadahoc,$4.388,4.388
21,ME,23,23025,Somerset,$4.335,4.335
21,ME,23,23027,Waldo,$4.395,4.395
21,ME,23,23029,Washington,$4.499,4.499
21,ME,23,23031,York,$4.415,4.415
22,MD,24,24001,Allegany,$4.484,4.484
22,MD,24,24003,Anne Arundel,$4.296,4.296
22,MD,24,24510,Baltimore City,$4.295,4.295
22,MD,24,24005,Baltimore,$4.276,4.276
22,MD,24,24009,Calvert,$4.190,4.19
22,MD,24,24015,Cecil,$4.263,4.263
22,MD,24,24017,Charles,$4.138,4.138
22,MD,24,24013,Carroll,$4.147,4.147
22,MD,24,24011,Caroline,$4.286,4.286
22,MD,24,24019,Dorchester,$4.295,4.295
22,MD,24,24021,Frederick,$4.274,4.274
22,MD,24,24023,Garrett,$4.428,4.428
22,MD,24,24025,Harford,$4.285,4.285
22,MD,24,24027,Howard,$4.368,4.368
22,MD,24,24029,Kent,$4.325,4.325
22,MD,24,24031,Montgomery,$4.332,4.332
22,MD,NA,24033,Prince George,$4.301,4.301
22,MD,NA,24035,Queen Anne,$4.256,4.256
22,MD,NA,24037,St. Mary,$4.203,4.203
22,MD,24,24039,Somerset,$4.342,4.342
22,MD,24,24041,Talbot,$4.330,4.33
22,MD,24,24043,Washington,$4.090,4.09
22,MD,24,24045,Wicomico,$4.280,4.28
22,MD,24,24047,Worcester,$4.293,4.293
23,MA,25,25001,Barnstable,$4.388,4.388
23,MA,25,25003,Berkshire,$4.401,4.401
23,MA,25,25005,Bristol,$4.221,4.221
23,MA,25,25007,Dukes,$5.499,5.499
23,MA,25,25009,Essex,$4.399,4.399
23,MA,25,25011,Franklin,$4.309,4.309
23,MA,25,25013,Hampden,$4.199,4.199
23,MA,25,25015,Hampshire,$4.290,4.29
23,MA,25,25017,Middlesex,$4.406,4.406
23,MA,25,25019,Nantucket,$5.794,5.794
23,MA,25,25021,Norfolk,$4.378,4.378
23,MA,25,25023,Plymouth,$4.294,4.294
23,MA,25,25025,Suffolk,$4.533,4.533
23,MA,25,25027,Worcester,$4.364,4.364
24,MI,26,26001,Alcona,$4.543,4.543
24,MI,26,26003,Alger,$4.561,4.561
24,MI,26,26005,Allegan,$4.542,4.542
24,MI,26,26007,Alpena,$4.383,4.383
24,MI,26,26009,Antrim,$4.567,4.567
24,MI,26,26011,Arenac,$4.728,4.728
24,MI,26,26013,Baraga,$4.368,4.368
24,MI,26,26015,Barry,$4.654,4.654
24,MI,26,26017,Bay,$4.562,4.562
24,MI,26,26019,Benzie,$4.558,4.558
24,MI,26,26021,Berrien,$4.523,4.523
24,MI,26,26023,Branch,$4.560,4.56
24,MI,26,26025,Calhoun,$4.428,4.428
24,MI,26,26027,Cass,$4.530,4.53
24,MI,26,26029,Charlevoix,$4.613,4.613
24,MI,26,26031,Cheboygan,$4.594,4.594
24,MI,26,26033,Chippewa,$4.772,4.772
24,MI,26,26035,Clare,$4.477,4.477
24,MI,26,26037,Clinton,$4.438,4.438
24,MI,26,26039,Crawford,$4.695,4.695
24,MI,26,26041,Delta,$4.519,4.519
24,MI,26,26043,Dickinson,$4.324,4.324
24,MI,26,26045,Eaton,$4.413,4.413
24,MI,26,26047,Emmet,$4.524,4.524
24,MI,26,26049,Genesee,$4.308,4.308
24,MI,26,26051,Gladwin,$4.627,4.627
24,MI,26,26053,Gogebic,$4.465,4.465
24,MI,26,26055,Grand Traverse,$4.555,4.555
24,MI,26,26057,Gratiot,$4.486,4.486
24,MI,26,26059,Hillsdale,$4.252,4.252
24,MI,26,26061,Houghton,$4.404,4.404
24,MI,26,26063,Huron,$4.610,4.61
24,MI,26,26065,Ingham,$4.481,4.481
24,MI,26,26067,Ionia,$4.508,4.508
24,MI,26,26069,Iosco,$4.758,4.758
24,MI,26,26071,Iron,$4.719,4.719
24,MI,26,26073,Isabella,$4.266,4.266
24,MI,26,26075,Jackson,$4.531,4.531
24,MI,26,26077,Kalamazoo,$4.604,4.604
24,MI,26,26079,Kalkaska,$4.567,4.567
24,MI,26,26081,Kent,$4.522,4.522
24,MI,26,26083,Keweenaw,$4.449,4.449
24,MI,26,26085,Lake,$4.580,4.58
24,MI,26,26087,Lapeer,$4.468,4.468
24,MI,26,26089,Leelanau,$4.576,4.576
24,MI,26,26091,Lenawee,$4.365,4.365
24,MI,26,26093,Livingston,$4.704,4.704
24,MI,26,26095,Luce,$4.861,4.861
24,MI,26,26097,Mackinac,$4.793,4.793
24,MI,26,26099,Macomb,$4.517,4.517
24,MI,26,26101,Manistee,$4.533,4.533
24,MI,26,26103,Marquette,$4.471,4.471
24,MI,26,26105,Mason,$4.363,4.363
24,MI,26,26107,Mecosta,$4.549,4.549
24,MI,26,26109,Menominee,$4.240,4.24
24,MI,26,26111,Midland,$4.371,4.371
24,MI,26,26113,Missaukee,$4.511,4.511
24,MI,26,26115,Monroe,$4.407,4.407
24,MI,26,26117,Montcalm,$4.448,4.448
24,MI,26,26119,Montmorency,$4.572,4.572
24,MI,26,26121,Muskegon,$4.307,4.307
24,MI,26,26123,Newaygo,$4.296,4.296
24,MI,26,26125,Oakland,$4.605,4.605
24,MI,26,26127,Oceana,$4.348,4.348
24,MI,26,26129,Ogemaw,$4.674,4.674
24,MI,26,26131,Ontonagon,$4.469,4.469
24,MI,26,26133,Osceola,$4.613,4.613
24,MI,26,26135,Oscoda,$4.616,4.616
24,MI,26,26137,Otsego,$4.444,4.444
24,MI,26,26139,Ottawa,$4.459,4.459
24,MI,26,26141,Presque Isle,$4.675,4.675
24,MI,26,26143,Roscommon,$4.562,4.562
24,MI,26,26145,Saginaw,$4.350,4.35
24,MI,26,26151,Sanilac,$4.632,4.632
24,MI,26,26153,Schoolcraft,$4.768,4.768
24,MI,26,26155,Shiawassee,$4.380,4.38
24,MI,26,26147,St. Clair,$4.636,4.636
24,MI,26,26149,St. Joseph,$4.389,4.389
24,MI,26,26157,Tuscola,$4.458,4.458
24,MI,26,26159,Van Buren,$4.631,4.631
24,MI,26,26161,Washtenaw,$4.575,4.575
24,MI,26,26163,Wayne,$4.467,4.467
24,MI,26,26165,Wexford,$4.380,4.38
25,MN,27,27001,Aitkin,$4.255,4.255
25,MN,27,27003,Anoka,$4.121,4.121
25,MN,27,27005,Becker,$4.391,4.391
25,MN,27,27007,Beltrami,$4.257,4.257
25,MN,27,27009,Benton,$4.159,4.159
25,MN,27,27011,Big Stone,$4.269,4.269
25,MN,27,27013,Blue Earth,$4.172,4.172
25,MN,27,27015,Brown,$4.288,4.288
25,MN,27,27017,Carlton,$4.301,4.301
25,MN,27,27019,Carver,$4.319,4.319
25,MN,27,27021,Cass,$4.165,4.165
25,MN,27,27023,Chippewa,$4.299,4.299
25,MN,27,27025,Chisago,$4.225,4.225
25,MN,27,27027,Clay,$4.063,4.063
25,MN,27,27029,Clearwater,$4.148,4.148
25,MN,27,27031,Cook,$4.433,4.433
25,MN,27,27033,Cottonwood,$4.213,4.213
25,MN,27,27035,Crow Wing,$4.150,4.15
25,MN,27,27037,Dakota,$4.306,4.306
25,MN,27,27039,Dodge,$4.399,4.399
25,MN,27,27041,Douglas,$4.134,4.134
25,MN,27,27043,Faribault,$4.252,4.252
25,MN,27,27045,Fillmore,$4.326,4.326
25,MN,27,27047,Freeborn,$4.161,4.161
25,MN,27,27049,Goodhue,$4.368,4.368
25,MN,27,27051,Grant,$4.200,4.2
25,MN,27,27053,Hennepin,$4.316,4.316
25,MN,27,27055,Houston,$4.224,4.224
25,MN,27,27057,Hubbard,$4.207,4.207
25,MN,27,27059,Isanti,$4.068,4.068
25,MN,27,27061,Itasca,$4.251,4.251
25,MN,27,27063,Jackson,$4.148,4.148
25,MN,27,27065,Kanabec,$4.191,4.191
25,MN,27,27067,Kandiyohi,$4.202,4.202
25,MN,27,27069,Kittson,$4.109,4.109
25,MN,27,27071,Koochiching,$4.222,4.222
25,MN,27,27073,Lac Qui Parle,$4.199,4.199
25,MN,27,27075,Lake,$4.352,4.352
25,MN,27,27077,Lake of the Woods,$4.249,4.249
25,MN,27,27079,Le Sueur,$4.282,4.282
25,MN,27,27081,Lincoln,$4.259,4.259
25,MN,27,27083,Lyon,$4.326,4.326
25,MN,27,27087,Mahnomen,$4.217,4.217
25,MN,27,27089,Marshall,$4.239,4.239
25,MN,27,27091,Martin,$4.074,4.074
25,MN,27,27085,McLeod,$4.117,4.117
25,MN,27,27093,Meeker,$4.201,4.201
25,MN,27,27095,Mille Lacs,$4.158,4.158
25,MN,27,27097,Morrison,$4.260,4.26
25,MN,27,27099,Mower,$4.158,4.158
25,MN,27,27101,Murray,$4.239,4.239
25,MN,27,27103,Nicollet,$4.257,4.257
25,MN,27,27105,Nobles,$4.237,4.237
25,MN,27,27107,Norman,$4.267,4.267
25,MN,27,27109,Olmsted,$4.385,4.385
25,MN,27,27111,Otter Tail,$4.260,4.26
25,MN,27,27113,Pennington,$4.299,4.299
25,MN,27,27115,Pine,$4.246,4.246
25,MN,27,27117,Pipestone,$4.347,4.347
25,MN,27,27119,Polk,$4.286,4.286
25,MN,27,27121,Pope,$4.146,4.146
25,MN,27,27123,Ramsey,$4.303,4.303
25,MN,27,27125,Red Lake,$4.299,4.299
25,MN,27,27127,Redwood,$4.210,4.21
25,MN,27,27129,Renville,$4.283,4.283
25,MN,27,27131,Rice,$4.201,4.201
25,MN,27,27133,Rock,$4.130,4.13
25,MN,27,27135,Roseau,$4.324,4.324
25,MN,27,27139,Scott,$4.268,4.268
25,MN,27,27141,Sherburne,$4.169,4.169
25,MN,27,27143,Sibley,$4.311,4.311
25,MN,27,27137,St. Louis,$4.243,4.243
25,MN,27,27145,Stearns,$4.125,4.125
25,MN,27,27147,Steele,$4.126,4.126
25,MN,27,27149,Stevens,$4.173,4.173
25,MN,27,27151,Swift,$4.313,4.313
25,MN,27,27153,Todd,$4.237,4.237
25,MN,27,27155,Traverse,$4.174,4.174
25,MN,27,27157,Wabasha,$4.333,4.333
25,MN,27,27159,Wadena,$4.322,4.322
25,MN,27,27161,Waseca,$4.263,4.263
25,MN,27,27163,Washington,$4.236,4.236
25,MN,27,27165,Watonwan,$4.282,4.282
25,MN,27,27167,Wilkin,$4.099,4.099
25,MN,27,27169,Winona,$4.200,4.2
25,MN,27,27171,Wright,$4.192,4.192
25,MN,27,27173,Yellow Medicine,$4.357,4.357
26,MS,28,28001,Adams,$4.017,4.017
26,MS,28,28003,Alcorn,$3.952,3.952
26,MS,28,28005,Amite,$3.991,3.991
26,MS,28,28007,Attala,$4.064,4.064
26,MS,28,28009,Benton,$3.981,3.981
26,MS,28,28011,Bolivar,$3.981,3.981
26,MS,28,28013,Calhoun,$4.070,4.07
26,MS,28,28015,Carroll,$4.056,4.056
26,MS,28,28017,Chickasaw,$4.109,4.109
26,MS,28,28019,Choctaw,$4.039,4.039
26,MS,28,28021,Claiborne,$4.379,4.379
26,MS,28,28023,Clarke,$3.980,3.98
26,MS,28,28025,Clay,$4.021,4.021
26,MS,28,28027,Coahoma,$4.145,4.145
26,MS,28,28029,Copiah,$3.958,3.958
26,MS,28,28031,Covington,$3.951,3.951
26,MS,NA,28033,DeSoto,$3.956,3.956
26,MS,28,28035,Forrest,$3.862,3.862
26,MS,28,28037,Franklin,$4.039,4.039
26,MS,28,28039,George,$3.898,3.898
26,MS,28,28041,Greene,$3.996,3.996
26,MS,28,28043,Grenada,$3.865,3.865
26,MS,28,28045,Hancock,$3.847,3.847
26,MS,28,28047,Harrison,$3.828,3.828
26,MS,28,28049,Hinds,$3.965,3.965
26,MS,28,28051,Holmes,$3.989,3.989
26,MS,28,28053,Humphreys,$3.999,3.999
26,MS,28,28055,Issaquena,,NA
26,MS,28,28057,Itawamba,$3.964,3.964
26,MS,28,28059,Jackson,$3.890,3.89
26,MS,28,28061,Jasper,$3.869,3.869
26,MS,28,28063,Jefferson,$4.252,4.252
26,MS,28,28065,Jefferson Davis,$3.995,3.995
26,MS,28,28067,Jones,$3.782,3.782
26,MS,28,28069,Kemper,$3.999,3.999
26,MS,28,28071,Lafayette,$4.090,4.09
26,MS,28,28073,Lamar,$3.908,3.908
26,MS,28,28075,Lauderdale,$3.968,3.968
26,MS,28,28077,Lawrence,$4.032,4.032
26,MS,28,28079,Leake,$3.988,3.988
26,MS,28,28081,Lee,$4.043,4.043
26,MS,28,28083,Leflore,$3.848,3.848
26,MS,28,28085,Lincoln,$3.937,3.937
26,MS,28,28087,Lowndes,$4.074,4.074
26,MS,28,28089,Madison,$3.996,3.996
26,MS,28,28091,Marion,$3.975,3.975
26,MS,28,28093,Marshall,$4.029,4.029
26,MS,28,28095,Monroe,$4.068,4.068
26,MS,28,28097,Montgomery,$3.970,3.97
26,MS,28,28099,Neshoba,$3.964,3.964
26,MS,28,28101,Newton,$4.021,4.021
26,MS,28,28103,Noxubee,$4.113,4.113
26,MS,28,28105,Oktibbeha,$4.005,4.005
26,MS,28,28107,Panola,$3.984,3.984
26,MS,28,28109,Pearl River,$3.860,3.86
26,MS,28,28111,Perry,$3.923,3.923
26,MS,28,28113,Pike,$3.970,3.97
26,MS,28,28115,Pontotoc,$4.005,4.005
26,MS,28,28117,Prentiss,$4.005,4.005
26,MS,28,28119,Quitman,$4.199,4.199
26,MS,28,28121,Rankin,$3.870,3.87
26,MS,28,28123,Scott,$4.032,4.032
26,MS,28,28125,Sharkey,$3.999,3.999
26,MS,28,28127,Simpson,$3.942,3.942
26,MS,28,28129,Smith,$3.994,3.994
26,MS,28,28131,Stone,$3.874,3.874
26,MS,28,28133,Sunflower,$3.901,3.901
26,MS,28,28135,Tallahatchie,$3.987,3.987
26,MS,28,28137,Tate,$4.055,4.055
26,MS,28,28139,Tippah,$4.077,4.077
26,MS,28,28141,Tishomingo,$4.026,4.026
26,MS,28,28143,Tunica,$4.118,4.118
26,MS,28,28145,Union,$3.963,3.963
26,MS,28,28147,Walthall,$4.009,4.009
26,MS,28,28149,Warren,$4.000,4
26,MS,28,28151,Washington,$3.960,3.96
26,MS,28,28153,Wayne,$3.974,3.974
26,MS,28,28155,Webster,$4.033,4.033
26,MS,28,28157,Wilkinson,$3.979,3.979
26,MS,28,28159,Winston,$4.009,4.009
26,MS,28,28161,Yalobusha,$4.057,4.057
26,MS,28,28163,Yazoo,$3.908,3.908
27,MO,29,29001,Adair,$4.111,4.111
27,MO,29,29003,Andrew,$4.140,4.14
27,MO,29,29005,Atchison,$4.122,4.122
27,MO,29,29007,Audrain,$4.073,4.073
27,MO,29,29009,Barry,$4.043,4.043
27,MO,29,29011,Barton,$3.955,3.955
27,MO,29,29013,Bates,$4.218,4.218
27,MO,29,29015,Benton,$4.105,4.105
27,MO,29,29017,Bollinger,$4.161,4.161
27,MO,29,29019,Boone,$4.126,4.126
27,MO,29,29021,Buchanan,$4.100,4.1
27,MO,29,29023,Butler,$4.067,4.067
27,MO,29,29025,Caldwell,$4.184,4.184
27,MO,29,29027,Callaway,$4.156,4.156
27,MO,29,29029,Camden,$3.955,3.955
27,MO,29,29031,Cape Girardeau,$4.151,4.151
27,MO,29,29033,Carroll,$4.251,4.251
27,MO,29,29035,Carter,$4.149,4.149
27,MO,29,29037,Cass,$4.070,4.07
27,MO,29,29039,Cedar,$4.149,4.149
27,MO,29,29041,Chariton,$4.196,4.196
27,MO,29,29043,Christian,$3.956,3.956
27,MO,29,29045,Clark,$4.137,4.137
27,MO,29,29047,Clay,$4.124,4.124
27,MO,29,29049,Clinton,$4.211,4.211
27,MO,29,29051,Cole,$4.174,4.174
27,MO,29,29053,Cooper,$3.831,3.831
27,MO,29,29055,Crawford,$4.160,4.16
27,MO,29,29057,Dade,$3.966,3.966
27,MO,29,29059,Dallas,$4.039,4.039
27,MO,29,29061,Daviess,$4.163,4.163
27,MO,29,29063,DeKalb,$4.183,4.183
27,MO,29,29065,Dent,$4.220,4.22
27,MO,29,29067,Douglas,$4.124,4.124
27,MO,29,29069,Dunklin,$4.086,4.086
27,MO,29,29071,Franklin,$3.991,3.991
27,MO,29,29073,Gasconade,$4.049,4.049
27,MO,29,29075,Gentry,$4.165,4.165
27,MO,29,29077,Greene,$3.901,3.901
27,MO,29,29079,Grundy,$4.119,4.119
27,MO,29,29081,Harrison,$4.168,4.168
27,MO,29,29083,Henry,$4.127,4.127
27,MO,29,29085,Hickory,$4.140,4.14
27,MO,29,29087,Holt,$4.199,4.199
27,MO,29,29089,Howard,$4.101,4.101
27,MO,29,29091,Howell,$4.099,4.099
27,MO,29,29093,Iron,$4.013,4.013
27,MO,29,29095,Jackson,$4.128,4.128
27,MO,29,29097,Jasper,$3.912,3.912
27,MO,29,29099,Jefferson,$3.848,3.848
27,MO,29,29101,Johnson,$4.097,4.097
27,MO,29,29103,Knox,$4.199,4.199
27,MO,29,29105,Laclede,$4.057,4.057
27,MO,29,29107,Lafayette,$4.092,4.092
27,MO,29,29109,Lawrence,$4.052,4.052
27,MO,29,29111,Lewis,$4.096,4.096
27,MO,29,29113,Lincoln,$3.959,3.959
27,MO,29,29115,Linn,$4.110,4.11
27,MO,29,29117,Livingston,$4.306,4.306
27,MO,29,29121,Macon,$4.142,4.142
27,MO,29,29123,Madison,$3.880,3.88
27,MO,29,29125,Maries,$4.189,4.189
27,MO,29,29127,Marion,$3.993,3.993
27,MO,29,29119,McDonald,$3.963,3.963
27,MO,29,29129,Mercer,$3.982,3.982
27,MO,29,29131,Miller,$4.099,4.099
27,MO,29,29133,Mississippi,$4.064,4.064
27,MO,29,29135,Moniteau,$4.179,4.179
27,MO,29,29137,Monroe,$4.146,4.146
27,MO,29,29139,Montgomery,$4.173,4.173
27,MO,29,29141,Morgan,$4.125,4.125
27,MO,29,29143,New Madrid,$4.152,4.152
27,MO,29,29145,Newton,$3.916,3.916
27,MO,29,29147,Nodaway,$4.111,4.111
27,MO,29,29149,Oregon,$4.183,4.183
27,MO,29,29151,Osage,$4.129,4.129
27,MO,29,29153,Ozark,$4.186,4.186
27,MO,29,29155,Pemiscot,$4.114,4.114
27,MO,29,29157,Perry,$4.150,4.15
27,MO,29,29159,Pettis,$4.083,4.083
27,MO,29,29161,Phelps,$4.103,4.103
27,MO,29,29163,Pike,$4.199,4.199
27,MO,29,29165,Platte,$4.187,4.187
27,MO,29,29167,Polk,$4.179,4.179
27,MO,29,29169,Pulaski,$4.109,4.109
27,MO,29,29171,Putnam,$4.199,4.199
27,MO,29,29173,Ralls,$4.059,4.059
27,MO,29,29175,Randolph,$4.087,4.087
27,MO,29,29177,Ray,$4.026,4.026
27,MO,29,29179,Reynolds,$4.382,4.382
27,MO,29,29181,Ripley,$4.186,4.186
27,MO,29,29195,Saline,$4.033,4.033
27,MO,29,29197,Schuyler,$4.194,4.194
27,MO,29,29199,Scotland,$4.199,4.199
27,MO,29,29201,Scott,$4.182,4.182
27,MO,29,29203,Shannon,$4.264,4.264
27,MO,29,29205,Shelby,$4.171,4.171
27,MO,29,29183,St. Charles,$3.989,3.989
27,MO,29,29185,St. Clair,$4.171,4.171
27,MO,29,29187,St. Francois,$4.073,4.073
27,MO,29,29189,St. Louis,$4.078,4.078
27,MO,29,29510,St. Louis City,$4.083,4.083
27,MO,NA,29186,Sainte Genevieve,$3.946,3.946
27,MO,29,29207,Stoddard,$4.116,4.116
27,MO,29,29209,Stone,$4.134,4.134
27,MO,29,29211,Sullivan,$4.161,4.161
27,MO,29,29213,Taney,$4.185,4.185
27,MO,29,29215,Texas,$4.177,4.177
27,MO,29,29217,Vernon,$4.094,4.094
27,MO,29,29219,Warren,$4.086,4.086
27,MO,29,29221,Washington,$3.936,3.936
27,MO,29,29223,Wayne,$4.218,4.218
27,MO,29,29225,Webster,$4.039,4.039
27,MO,29,29227,Worth,$4.129,4.129
27,MO,29,29229,Wright,$4.205,4.205
28,MT,30,30001,Beaverhead,$4.666,4.666
28,MT,30,30003,Big Horn,$4.407,4.407
28,MT,30,30005,Blaine,$4.507,4.507
28,MT,30,30007,Broadwater,$4.464,4.464
28,MT,30,30009,Carbon,$4.507,4.507
28,MT,30,30011,Carter,$4.399,4.399
28,MT,30,30013,Cascade,$4.475,4.475
28,MT,30,30015,Chouteau,$4.602,4.602
28,MT,30,30017,Custer,$4.189,4.189
28,MT,30,30019,Daniels,$4.529,4.529
28,MT,30,30021,Dawson,$4.112,4.112
28,MT,30,30023,Deer Lodge,$4.546,4.546
28,MT,30,30025,Fallon,$4.329,4.329
28,MT,30,30027,Fergus,$4.629,4.629
28,MT,30,30029,Flathead,$4.625,4.625
28,MT,30,30031,Gallatin,$4.617,4.617
28,MT,30,30033,Garfield,$4.489,4.489
28,MT,30,30035,Glacier,$4.813,4.813
28,MT,30,30037,Golden Valley,$4.829,4.829
28,MT,30,30039,Granite,$4.662,4.662
28,MT,30,30041,Hill,$4.616,4.616
28,MT,30,30043,Jefferson,$4.587,4.587
28,MT,30,30045,Judith Basin,$4.624,4.624
28,MT,30,30047,Lake,$4.496,4.496
28,MT,30,30049,Lewis and Clark,$4.556,4.556
28,MT,30,30051,Liberty,$4.534,4.534
28,MT,30,30053,Lincoln,$4.604,4.604
28,MT,30,30057,Madison,$4.519,4.519
28,MT,30,30055,McCone,$4.242,4.242
28,MT,30,30059,Meagher,$4.574,4.574
28,MT,30,30061,Mineral,$4.550,4.55
28,MT,30,30063,Missoula,$4.533,4.533
28,MT,30,30065,Musselshell,$4.666,4.666
28,MT,30,30067,Park,$4.751,4.751
28,MT,30,30069,Petroleum,$4.989,4.989
28,MT,30,30071,Phillips,$4.499,4.499
28,MT,30,30073,Pondera,$4.601,4.601
28,MT,30,30075,Powder River,$4.714,4.714
28,MT,30,30077,Powell,$4.705,4.705
28,MT,30,30079,Prairie,$4.069,4.069
28,MT,30,30081,Ravalli,$4.496,4.496
28,MT,30,30083,Richland,$4.143,4.143
28,MT,30,30085,Roosevelt,$4.276,4.276
28,MT,30,30087,Rosebud,$4.275,4.275
28,MT,30,30089,Sanders,$4.570,4.57
28,MT,30,30091,Sheridan,$4.259,4.259
28,MT,30,30093,Silver Bow,$4.545,4.545
28,MT,30,30095,Stillwater,$4.522,4.522
28,MT,30,30097,Sweet Grass,$4.532,4.532
28,MT,30,30099,Teton,$4.546,4.546
28,MT,30,30101,Toole,$4.550,4.55
28,MT,30,30103,Treasure,$4.159,4.159
28,MT,30,30105,Valley,$4.469,4.469
28,MT,30,30107,Wheatland,$4.836,4.836
28,MT,30,30109,Wibaux,$4.359,4.359
28,MT,30,30111,Yellowstone,$4.491,4.491
29,NE,31,31001,Adams,$4.211,4.211
29,NE,31,31003,Antelope,$4.234,4.234
29,NE,31,31005,Arthur,,NA
29,NE,31,31007,Banner,,NA
29,NE,31,31009,Blaine,$5.009,5.009
29,NE,31,31011,Boone,$4.149,4.149
29,NE,31,31013,Box Butte,$4.426,4.426
29,NE,31,31015,Boyd,$4.199,4.199
29,NE,31,31017,Brown,$4.199,4.199
29,NE,31,31019,Buffalo,$4.302,4.302
29,NE,31,31021,Burt,$4.511,4.511
29,NE,31,31023,Butler,$4.212,4.212
29,NE,31,31025,Cass,$4.338,4.338
29,NE,31,31027,Cedar,$4.051,4.051
29,NE,31,31029,Chase,$4.884,4.884
29,NE,31,31031,Cherry,$4.543,4.543
29,NE,31,31033,Cheyenne,$4.141,4.141
29,NE,31,31035,Clay,$4.403,4.403
29,NE,31,31037,Colfax,$4.122,4.122
29,NE,31,31039,Cuming,$4.126,4.126
29,NE,31,31041,Custer,$4.370,4.37
29,NE,31,31043,Dakota,$4.035,4.035
29,NE,31,31045,Dawes,$4.389,4.389
29,NE,31,31047,Dawson,$4.215,4.215
29,NE,31,31049,Deuel,$4.219,4.219
29,NE,31,31051,Dixon,$4.076,4.076
29,NE,31,31053,Dodge,$4.239,4.239
29,NE,31,31055,Douglas,$4.202,4.202
29,NE,31,31057,Dundy,$4.459,4.459
29,NE,31,31059,Fillmore,$4.287,4.287
29,NE,31,31061,Franklin,$4.074,4.074
29,NE,31,31063,Frontier,,NA
29,NE,31,31065,Furnas,$4.449,4.449
29,NE,31,31067,Gage,$4.414,4.414
29,NE,31,31069,Garden,,NA
29,NE,31,31071,Garfield,$4.774,4.774
29,NE,31,31073,Gosper,,NA
29,NE,31,31075,Grant,$4.299,4.299
29,NE,31,31077,Greeley,$4.199,4.199
29,NE,31,31079,Hall,$4.235,4.235
29,NE,31,31081,Hamilton,$3.999,3.999
29,NE,31,31083,Harlan,$4.472,4.472
29,NE,31,31085,Hayes,,NA
29,NE,31,31087,Hitchcock,$4.669,4.669
29,NE,31,31089,Holt,$4.198,4.198
29,NE,31,31091,Hooker,$4.149,4.149
29,NE,31,31093,Howard,$4.374,4.374
29,NE,31,31095,Jefferson,$4.599,4.599
29,NE,31,31097,Johnson,$4.226,4.226
29,NE,31,31099,Kearney,$4.479,4.479
29,NE,31,31101,Keith,$4.226,4.226
29,NE,31,31103,Keya Paha,$4.899,4.899
29,NE,31,31105,Kimball,$4.487,4.487
29,NE,31,31107,Knox,$4.087,4.087
29,NE,31,31109,Lancaster,$4.360,4.36
29,NE,31,31111,Lincoln,$4.263,4.263
29,NE,31,31113,Logan,$4.934,4.934
29,NE,31,31115,Loup,$4.799,4.799
29,NE,31,31119,Madison,$4.151,4.151
29,NE,31,31117,McPherson,,NA
29,NE,31,31121,Merrick,$4.399,4.399
29,NE,31,31123,Morrill,$4.392,4.392
29,NE,31,31125,Nance,$4.099,4.099
29,NE,31,31127,Nemaha,$4.124,4.124
29,NE,31,31129,Nuckolls,$4.166,4.166
29,NE,31,31131,Otoe,$4.236,4.236
29,NE,31,31133,Pawnee,$3.999,3.999
29,NE,31,31135,Perkins,$4.746,4.746
29,NE,31,31137,Phelps,$4.457,4.457
29,NE,31,31139,Pierce,$3.986,3.986
29,NE,31,31141,Platte,$4.045,4.045
29,NE,31,31143,Polk,$4.199,4.199
29,NE,31,31145,Red Willow,$4.439,4.439
29,NE,31,31147,Richardson,$4.255,4.255
29,NE,31,31149,Rock,$4.199,4.199
29,NE,31,31151,Saline,$4.366,4.366
29,NE,31,31153,Sarpy,$4.255,4.255
29,NE,31,31155,Saunders,$4.219,4.219
29,NE,31,31157,Scotts Bluff,$4.201,4.201
29,NE,31,31159,Seward,$4.210,4.21
29,NE,31,31161,Sheridan,$4.424,4.424
29,NE,31,31163,Sherman,$4.749,4.749
29,NE,31,31165,Sioux,,NA
29,NE,31,31167,Stanton,$4.149,4.149
29,NE,31,31169,Thayer,$4.232,4.232
29,NE,31,31171,Thomas,$5.299,5.299
29,NE,31,31173,Thurston,$4.009,4.009
29,NE,31,31175,Valley,$4.299,4.299
29,NE,31,31177,Washington,$4.241,4.241
29,NE,31,31179,Wayne,$4.219,4.219
29,NE,31,31181,Webster,$4.282,4.282
29,NE,31,31183,Wheeler,$5.049,5.049
29,NE,31,31185,York,$4.010,4.01
30,NV,32,32510,Carson City,$5.189,5.189
30,NV,32,32001,Churchill,$5.229,5.229
30,NV,32,32003,Clark,$5.495,5.495
30,NV,32,32005,Douglas,$5.416,5.416
30,NV,32,32007,Elko,$5.035,5.035
30,NV,32,32009,Esmeralda,$5.389,5.389
30,NV,32,32011,Eureka,$5.066,5.066
30,NV,32,32013,Humboldt,$5.195,5.195
30,NV,32,32015,Lander,$5.132,5.132
30,NV,32,32017,Lincoln,$5.379,5.379
30,NV,32,32019,Lyon,$5.191,5.191
30,NV,32,32021,Mineral,$6.061,6.061
30,NV,32,32023,Nye,$5.178,5.178
30,NV,32,32027,Pershing,$5.267,5.267
30,NV,32,32029,Storey,$5.352,5.352
30,NV,32,32031,Washoe,$5.895,5.895
30,NV,32,32033,White Pine,$4.905,4.905
31,NH,33,33001,Belknap,$4.316,4.316
31,NH,33,33003,Carroll,$4.321,4.321
31,NH,33,33005,Cheshire,$4.382,4.382
31,NH,33,33007,Coos,$4.349,4.349
31,NH,33,33009,Grafton,$4.344,4.344
31,NH,33,33011,Hillsborough,$4.323,4.323
31,NH,33,33013,Merrimack,$4.343,4.343
31,NH,33,33015,Rockingham,$4.342,4.342
31,NH,33,33017,Strafford,$4.339,4.339
31,NH,33,33019,Sullivan,$4.371,4.371
32,NJ,34,34001,Atlantic,$4.303,4.303
32,NJ,34,34003,Bergen,$4.310,4.31
32,NJ,34,34005,Burlington,$4.287,4.287
32,NJ,34,34007,Camden,$4.272,4.272
32,NJ,34,34009,Cape May,$4.519,4.519
32,NJ,34,34011,Cumberland,$4.319,4.319
32,NJ,34,34013,Essex,$4.456,4.456
32,NJ,34,34015,Gloucester,$4.328,4.328
32,NJ,34,34017,Hudson,$4.360,4.36
32,NJ,34,34019,Hunterdon,$4.350,4.35
32,NJ,34,34021,Mercer,$4.269,4.269
32,NJ,34,34023,Middlesex,$4.308,4.308
32,NJ,34,34025,Monmouth,$4.330,4.33
32,NJ,34,34027,Morris,$4.313,4.313
32,NJ,34,34029,Ocean,$4.313,4.313
32,NJ,34,34031,Passaic,$4.327,4.327
32,NJ,34,34033,Salem,$4.285,4.285
32,NJ,34,34035,Somerset,$4.367,4.367
32,NJ,34,34037,Sussex,$4.270,4.27
32,NJ,34,34039,Union,$4.332,4.332
32,NJ,34,34041,Warren,$4.240,4.24
33,NM,35,35001,Bernalillo,$4.398,4.398
33,NM,35,35003,Catron,$4.936,4.936
33,NM,35,35005,Chaves,$4.255,4.255
33,NM,35,35006,Cibola,$4.433,4.433
33,NM,35,35007,Colfax,$4.510,4.51
33,NM,35,35009,Curry,$3.971,3.971
33,NM,35,35011,De Baca,$4.299,4.299
33,NM,35,35013,Dona Ana,$4.350,4.35
33,NM,35,35015,Eddy,$4.343,4.343
33,NM,35,35017,Grant,$4.581,4.581
33,NM,35,35019,Guadalupe,$4.450,4.45
33,NM,35,35021,Harding,,NA
33,NM,35,35023,Hidalgo,$4.445,4.445
33,NM,35,35025,Lea,$4.136,4.136
33,NM,35,35027,Lincoln,$4.376,4.376
33,NM,35,35028,Los Alamos,$4.749,4.749
33,NM,35,35029,Luna,$4.711,4.711
33,NM,35,35031,McKinley,$4.408,4.408
33,NM,35,35033,Mora,$4.599,4.599
33,NM,35,35035,Otero,$3.920,3.92
33,NM,35,35037,Quay,$4.197,4.197
33,NM,35,35039,Rio Arriba,$4.413,4.413
33,NM,35,35041,Roosevelt,$4.184,4.184
33,NM,35,35045,San Juan,$4.763,4.763
33,NM,35,35047,San Miguel,$4.421,4.421
33,NM,35,35043,Sandoval,$4.457,4.457
33,NM,35,35049,Santa Fe,$4.460,4.46
33,NM,35,35051,Sierra,$4.436,4.436
33,NM,35,35053,Socorro,$4.190,4.19
33,NM,35,35055,Taos,$4.703,4.703
33,NM,35,35057,Torrance,$4.324,4.324
33,NM,35,35059,Union,$4.262,4.262
33,NM,35,35061,Valencia,$4.232,4.232
34,NY,36,36001,Albany,$4.412,4.412
34,NY,36,36003,Allegany,$4.439,4.439
34,NY,36,36005,Bronx,$4.570,4.57
34,NY,36,36007,Broome,$4.489,4.489
34,NY,36,36009,Cattaraugus,$4.363,4.363
34,NY,36,36011,Cayuga,$4.346,4.346
34,NY,36,36013,Chautauqua,$4.432,4.432
34,NY,36,36015,Chemung,$4.371,4.371
34,NY,36,36017,Chenango,$4.487,4.487
34,NY,36,36019,Clinton,$4.542,4.542
34,NY,36,36021,Columbia,$4.427,4.427
34,NY,36,36023,Cortland,$4.425,4.425
34,NY,36,36025,Delaware,$4.509,4.509
34,NY,36,36027,Dutchess,$4.477,4.477
34,NY,36,36029,Erie,$4.417,4.417
34,NY,36,36031,Essex,$4.770,4.77
34,NY,36,36033,Franklin,$4.621,4.621
34,NY,36,36035,Fulton,$4.462,4.462
34,NY,36,36037,Genesee,$4.429,4.429
34,NY,36,36039,Greene,$4.440,4.44
34,NY,36,36041,Hamilton,$4.904,4.904
34,NY,36,36043,Herkimer,$4.433,4.433
34,NY,36,36045,Jefferson,$4.545,4.545
34,NY,36,36047,Kings,$4.549,4.549
34,NY,36,36049,Lewis,$4.605,4.605
34,NY,36,36051,Livingston,$4.444,4.444
34,NY,36,36053,Madison,$4.366,4.366
34,NY,36,36055,Monroe,$4.417,4.417
34,NY,36,36057,Montgomery,$4.420,4.42
34,NY,36,36059,Nassau,$4.454,4.454
34,NY,36,36061,New York,$4.627,4.627
34,NY,36,36063,Niagara,$4.388,4.388
34,NY,36,36065,Oneida,$4.483,4.483
34,NY,36,36067,Onondaga,$4.388,4.388
34,NY,36,36069,Ontario,$4.431,4.431
34,NY,36,36071,Orange,$4.411,4.411
34,NY,36,36073,Orleans,$4.439,4.439
34,NY,36,36075,Oswego,$4.360,4.36
34,NY,36,36077,Otsego,$4.530,4.53
34,NY,36,36079,Putnam,$4.464,4.464
34,NY,36,36081,Queens,$4.561,4.561
34,NY,36,36083,Rensselaer,$4.432,4.432
34,NY,36,36085,Richmond,$4.563,4.563
34,NY,36,36087,Rockland,$4.629,4.629
34,NY,36,36091,Saratoga,$4.450,4.45
34,NY,36,36093,Schenectady,$4.391,4.391
34,NY,36,36095,Schoharie,$4.433,4.433
34,NY,36,36097,Schuyler,$4.461,4.461
34,NY,36,36099,Seneca,$4.304,4.304
34,NY,36,36089,St. Lawrence,$4.742,4.742
34,NY,36,36101,Steuben,$4.401,4.401
34,NY,36,36103,Suffolk,$4.464,4.464
34,NY,36,36105,Sullivan,$4.436,4.436
34,NY,36,36107,Tioga,$4.461,4.461
34,NY,36,36109,Tompkins,$4.454,4.454
34,NY,36,36111,Ulster,$4.397,4.397
34,NY,36,36113,Warren,$4.498,4.498
34,NY,36,36115,Washington,$4.436,4.436
34,NY,36,36117,Wayne,$4.435,4.435
34,NY,36,36119,Westchester,$4.667,4.667
34,NY,36,36121,Wyoming,$4.444,4.444
34,NY,36,36123,Yates,$4.409,4.409
35,NC,37,37001,Alamance,$4.088,4.088
35,NC,37,37003,Alexander,$3.984,3.984
35,NC,37,37005,Alleghany,$4.082,4.082
35,NC,37,37007,Anson,$4.036,4.036
35,NC,37,37009,Ashe,$4.028,4.028
35,NC,37,37011,Avery,$4.201,4.201
35,NC,37,37013,Beaufort,$3.949,3.949
35,NC,37,37015,Bertie,$4.058,4.058
35,NC,37,37017,Bladen,$4.017,4.017
35,NC,37,37019,Brunswick,$3.971,3.971
35,NC,37,37021,Buncombe,$4.172,4.172
35,NC,37,37023,Burke,$4.061,4.061
35,NC,37,37025,Cabarrus,$4.066,4.066
35,NC,37,37027,Caldwell,$3.954,3.954
35,NC,37,37029,Camden,$4.207,4.207
35,NC,37,37031,Carteret,$4.038,4.038
35,NC,37,37033,Caswell,$4.214,4.214
35,NC,37,37035,Catawba,$3.908,3.908
35,NC,37,37037,Chatham,$4.063,4.063
35,NC,37,37039,Cherokee,$4.144,4.144
35,NC,37,37041,Chowan,$4.131,4.131
35,NC,37,37043,Clay,$4.059,4.059
35,NC,37,37045,Cleveland,$4.068,4.068
35,NC,37,37047,Columbus,$4.007,4.007
35,NC,37,37049,Craven,$3.999,3.999
35,NC,37,37051,Cumberland,$3.960,3.96
35,NC,37,37053,Currituck,$4.149,4.149
35,NC,37,37055,Dare,$4.087,4.087
35,NC,37,37057,Davidson,$4.025,4.025
35,NC,37,37059,Davie,$4.050,4.05
35,NC,37,37061,Duplin,$4.037,4.037
35,NC,37,37063,Durham,$4.094,4.094
35,NC,37,37065,Edgecombe,$4.005,4.005
35,NC,37,37067,Forsyth,$4.041,4.041
35,NC,37,37069,Franklin,$4.100,4.1
35,NC,37,37071,Gaston,$4.086,4.086
35,NC,37,37073,Gates,$4.116,4.116
35,NC,37,37075,Graham,$4.207,4.207
35,NC,37,37077,Granville,$4.149,4.149
35,NC,37,37079,Greene,$4.014,4.014
35,NC,37,37081,Guilford,$4.066,4.066
35,NC,37,37083,Halifax,$3.956,3.956
35,NC,37,37085,Harnett,$3.971,3.971
35,NC,37,37087,Haywood,$4.163,4.163
35,NC,37,37089,Henderson,$4.117,4.117
35,NC,37,37091,Hertford,$4.104,4.104
35,NC,37,37093,Hoke,$4.072,4.072
35,NC,37,37095,Hyde,$4.332,4.332
35,NC,37,37097,Iredell,$4.132,4.132
35,NC,37,37099,Jackson,$4.207,4.207
35,NC,37,37101,Johnston,$4.025,4.025
35,NC,37,37103,Jones,$4.049,4.049
35,NC,37,37105,Lee,$3.980,3.98
35,NC,37,37107,Lenoir,$3.995,3.995
35,NC,37,37109,Lincoln,$4.012,4.012
35,NC,37,37113,Macon,$4.159,4.159
35,NC,37,37115,Madison,$4.189,4.189
35,NC,37,37117,Martin,$3.901,3.901
35,NC,37,37111,McDowell,$4.037,4.037
35,NC,37,37119,Mecklenburg,$4.101,4.101
35,NC,37,37121,Mitchell,$3.997,3.997
35,NC,37,37123,Montgomery,$4.119,4.119
35,NC,37,37125,Moore,$4.080,4.08
35,NC,37,37127,Nash,$4.002,4.002
35,NC,37,37129,New Hanover,$3.884,3.884
35,NC,37,37131,Northampton,$4.015,4.015
35,NC,37,37133,Onslow,$3.952,3.952
35,NC,37,37135,Orange,$4.190,4.19
35,NC,37,37137,Pamlico,$4.059,4.059
35,NC,37,37139,Pasquotank,$4.080,4.08
35,NC,37,37141,Pender,$4.016,4.016
35,NC,37,37143,Perquimans,$4.054,4.054
35,NC,37,37145,Person,$4.214,4.214
35,NC,37,37147,Pitt,$3.856,3.856
35,NC,37,37149,Polk,$4.239,4.239
35,NC,37,37151,Randolph,$4.089,4.089
35,NC,37,37153,Richmond,$4.066,4.066
35,NC,37,37155,Robeson,$4.026,4.026
35,NC,37,37157,Rockingham,$4.108,4.108
35,NC,37,37159,Rowan,$4.078,4.078
35,NC,37,37161,Rutherford,$4.046,4.046
35,NC,37,37163,Sampson,$4.026,4.026
35,NC,37,37165,Scotland,$4.027,4.027
35,NC,37,37167,Stanly,$4.036,4.036
35,NC,37,37169,Stokes,$4.111,4.111
35,NC,37,37171,Surry,$3.981,3.981
35,NC,37,37173,Swain,$4.187,4.187
35,NC,37,37175,Transylvania,$4.247,4.247
35,NC,37,37177,Tyrrell,$4.041,4.041
35,NC,37,37179,Union,$4.030,4.03
35,NC,37,37181,Vance,$4.160,4.16
35,NC,37,37183,Wake,$4.090,4.09
35,NC,37,37185,Warren,$4.156,4.156
35,NC,37,37187,Washington,$3.953,3.953
35,NC,37,37189,Watauga,$4.146,4.146
35,NC,37,37191,Wayne,$3.911,3.911
35,NC,37,37193,Wilkes,$4.002,4.002
35,NC,37,37195,Wilson,$3.933,3.933
35,NC,37,37197,Yadkin,$4.065,4.065
35,NC,37,37199,Yancey,$4.053,4.053
36,ND,38,38001,Adams,$4.249,4.249
36,ND,38,38003,Barnes,$4.265,4.265
36,ND,38,38005,Benson,$4.337,4.337
36,ND,38,38007,Billings,$4.399,4.399
36,ND,38,38009,Bottineau,$4.204,4.204
36,ND,38,38011,Bowman,$4.199,4.199
36,ND,38,38013,Burke,$4.234,4.234
36,ND,38,38015,Burleigh,$4.245,4.245
36,ND,38,38017,Cass,$3.994,3.994
36,ND,38,38019,Cavalier,$4.199,4.199
36,ND,38,38021,Dickey,$4.259,4.259
36,ND,38,38023,Divide,$4.199,4.199
36,ND,38,38025,Dunn,$4.379,4.379
36,ND,38,38027,Eddy,$4.249,4.249
36,ND,38,38029,Emmons,$4.266,4.266
36,ND,38,38031,Foster,$4.149,4.149
36,ND,38,38033,Golden Valley,$4.199,4.199
36,ND,38,38035,Grand Forks,$4.192,4.192
36,ND,38,38037,Grant,,NA
36,ND,38,38039,Griggs,$4.314,4.314
36,ND,38,38041,Hettinger,$4.166,4.166
36,ND,38,38043,Kidder,$4.251,4.251
36,ND,38,38045,LaMoure,$4.266,4.266
36,ND,38,38047,Logan,$4.219,4.219
36,ND,38,38049,McHenry,$4.324,4.324
36,ND,38,38051,McIntosh,$4.199,4.199
36,ND,38,38053,McKenzie,$4.321,4.321
36,ND,38,38055,McLean,$4.236,4.236
36,ND,38,38057,Mercer,$4.129,4.129
36,ND,38,38059,Morton,$4.143,4.143
36,ND,38,38061,Mountrail,$4.253,4.253
36,ND,38,38063,Nelson,$4.266,4.266
36,ND,38,38065,Oliver,$4.099,4.099
36,ND,38,38067,Pembina,$4.219,4.219
36,ND,38,38069,Pierce,$4.332,4.332
36,ND,38,38071,Ramsey,$4.315,4.315
36,ND,38,38073,Ransom,$4.259,4.259
36,ND,38,38075,Renville,$4.299,4.299
36,ND,38,38077,Richland,$4.118,4.118
36,ND,38,38079,Rolette,$4.199,4.199
36,ND,38,38081,Sargent,$4.174,4.174
36,ND,38,38083,Sheridan,$4.199,4.199
36,ND,38,38085,Sioux,$4.399,4.399
36,ND,38,38087,Slope,,NA
36,ND,38,38089,Stark,$4.231,4.231
36,ND,38,38091,Steele,$4.279,4.279
36,ND,38,38093,Stutsman,$4.130,4.13
36,ND,38,38095,Towner,$4.192,4.192
36,ND,38,38097,Traill,$4.199,4.199
36,ND,38,38099,Walsh,$4.199,4.199
36,ND,38,38101,Ward,$4.229,4.229
36,ND,38,38103,Wells,$4.299,4.299
36,ND,38,38105,Williams,$4.220,4.22
37,OH,39,39001,Adams,$4.477,4.477
37,OH,39,39003,Allen,$3.985,3.985
37,OH,39,39005,Ashland,$4.067,4.067
37,OH,39,39007,Ashtabula,$4.253,4.253
37,OH,39,39009,Athens,$4.489,4.489
37,OH,39,39011,Auglaize,$4.109,4.109
37,OH,39,39013,Belmont,$4.191,4.191
37,OH,39,39015,Brown,$4.409,4.409
37,OH,39,39017,Butler,$3.991,3.991
37,OH,39,39019,Carroll,$4.319,4.319
37,OH,39,39021,Champaign,$4.254,4.254
37,OH,39,39023,Clark,$4.187,4.187
37,OH,39,39025,Clermont,$4.205,4.205
37,OH,39,39027,Clinton,$4.254,4.254
37,OH,39,39029,Columbiana,$4.048,4.048
37,OH,39,39031,Coshocton,$4.043,4.043
37,OH,39,39033,Crawford,$4.009,4.009
37,OH,39,39035,Cuyahoga,$4.276,4.276
37,OH,39,39037,Darke,$3.984,3.984
37,OH,39,39039,Defiance,$4.075,4.075
37,OH,39,39041,Delaware,$4.243,4.243
37,OH,39,39043,Erie,$4.221,4.221
37,OH,39,39045,Fairfield,$4.008,4.008
37,OH,39,39047,Fayette,$4.294,4.294
37,OH,39,39049,Franklin,$4.141,4.141
37,OH,39,39051,Fulton,$4.093,4.093
37,OH,39,39053,Gallia,$4.407,4.407
37,OH,39,39055,Geauga,$4.332,4.332
37,OH,39,39057,Greene,$4.083,4.083
37,OH,39,39059,Guernsey,$4.109,4.109
37,OH,39,39061,Hamilton,$4.195,4.195
37,OH,39,39063,Hancock,$4.024,4.024
37,OH,39,39065,Hardin,$4.144,4.144
37,OH,39,39067,Harrison,$4.300,4.3
37,OH,39,39069,Henry,$3.947,3.947
37,OH,39,39071,Highland,$4.205,4.205
37,OH,39,39073,Hocking,$4.119,4.119
37,OH,39,39075,Holmes,$4.203,4.203
37,OH,39,39077,Huron,$4.273,4.273
37,OH,39,39079,Jackson,$4.303,4.303
37,OH,39,39081,Jefferson,$4.332,4.332
37,OH,39,39083,Knox,$4.201,4.201
37,OH,39,39085,Lake,$4.170,4.17
37,OH,39,39087,Lawrence,$4.167,4.167
37,OH,39,39089,Licking,$4.192,4.192
37,OH,39,39091,Logan,$4.137,4.137
37,OH,39,39093,Lorain,$4.203,4.203
37,OH,39,39095,Lucas,$4.110,4.11
37,OH,39,39097,Madison,$4.313,4.313
37,OH,39,39099,Mahoning,$4.155,4.155
37,OH,39,39101,Marion,$4.303,4.303
37,OH,39,39103,Medina,$4.252,4.252
37,OH,39,39105,Meigs,$4.377,4.377
37,OH,39,39107,Mercer,$4.118,4.118
37,OH,39,39109,Miami,$4.078,4.078
37,OH,39,39111,Monroe,$4.426,4.426
37,OH,39,39113,Montgomery,$4.090,4.09
37,OH,39,39115,Morgan,$4.391,4.391
37,OH,39,39117,Morrow,$4.441,4.441
37,OH,39,39119,Muskingum,$4.019,4.019
37,OH,39,39121,Noble,$4.511,4.511
37,OH,39,39123,Ottawa,$4.332,4.332
37,OH,39,39125,Paulding,$4.364,4.364
37,OH,39,39127,Perry,$4.292,4.292
37,OH,39,39129,Pickaway,$4.383,4.383
37,OH,39,39131,Pike,$4.403,4.403
37,OH,39,39133,Portage,$4.129,4.129
37,OH,39,39135,Preble,$4.138,4.138
37,OH,39,39137,Putnam,$4.154,4.154
37,OH,39,39139,Richland,$4.068,4.068
37,OH,39,39141,Ross,$4.168,4.168
37,OH,39,39143,Sandusky,$4.235,4.235
37,OH,39,39145,Scioto,$4.302,4.302
37,OH,39,39147,Seneca,$4.106,4.106
37,OH,39,39149,Shelby,$3.999,3.999
37,OH,39,39151,Stark,$4.103,4.103
37,OH,39,39153,Summit,$3.997,3.997
37,OH,39,39155,Trumbull,$4.034,4.034
37,OH,39,39157,Tuscarawas,$4.224,4.224
37,OH,39,39159,Union,$4.355,4.355
37,OH,39,39161,Van Wert,$4.031,4.031
37,OH,39,39163,Vinton,$4.352,4.352
37,OH,39,39165,Warren,$3.977,3.977
37,OH,39,39167,Washington,$4.467,4.467
37,OH,39,39169,Wayne,$4.129,4.129
37,OH,39,39171,Williams,$4.091,4.091
37,OH,39,39173,Wood,$4.107,4.107
37,OH,39,39175,Wyandot,$4.199,4.199
38,OK,40,40001,Adair,$3.856,3.856
38,OK,40,40003,Alfalfa,$3.994,3.994
38,OK,40,40005,Atoka,$4.051,4.051
38,OK,40,40007,Beaver,$4.199,4.199
38,OK,40,40009,Beckham,$4.007,4.007
38,OK,40,40011,Blaine,$4.075,4.075
38,OK,40,40013,Bryan,$3.865,3.865
38,OK,40,40015,Caddo,$4.053,4.053
38,OK,40,40017,Canadian,$3.986,3.986
38,OK,40,40019,Carter,$4.021,4.021
38,OK,40,40021,Cherokee,$3.981,3.981
38,OK,40,40023,Choctaw,$4.004,4.004
38,OK,40,40025,Cimarron,$4.109,4.109
38,OK,40,40027,Cleveland,$4.053,4.053
38,OK,40,40029,Coal,$4.529,4.529
38,OK,40,40031,Comanche,$3.835,3.835
38,OK,40,40033,Cotton,$4.004,4.004
38,OK,40,40035,Craig,$3.863,3.863
38,OK,40,40037,Creek,$4.083,4.083
38,OK,40,40039,Custer,$4.079,4.079
38,OK,40,40041,Delaware,$4.050,4.05
38,OK,40,40043,Dewey,$4.332,4.332
38,OK,40,40045,Ellis,$4.479,4.479
38,OK,40,40047,Garfield,$4.084,4.084
38,OK,40,40049,Garvin,$4.007,4.007
38,OK,40,40051,Grady,$4.050,4.05
38,OK,40,40053,Grant,$3.989,3.989
38,OK,40,40055,Greer,$3.969,3.969
38,OK,40,40057,Harmon,$3.889,3.889
38,OK,40,40059,Harper,$4.163,4.163
38,OK,40,40061,Haskell,$3.904,3.904
38,OK,40,40063,Hughes,$4.285,4.285
38,OK,40,40065,Jackson,$3.918,3.918
38,OK,40,40067,Jefferson,$4.013,4.013
38,OK,40,40069,Johnston,$3.978,3.978
38,OK,40,40071,Kay,$3.976,3.976
38,OK,40,40073,Kingfisher,$4.147,4.147
38,OK,40,40075,Kiowa,$4.235,4.235
38,OK,40,40077,Latimer,$4.056,4.056
38,OK,40,40079,Le Flore,$3.962,3.962
38,OK,40,40081,Lincoln,$4.237,4.237
38,OK,40,40083,Logan,$4.357,4.357
38,OK,40,40085,Love,$4.039,4.039
38,OK,40,40093,Major,$4.138,4.138
38,OK,40,40095,Marshall,$4.310,4.31
38,OK,40,40097,Mayes,$4.041,4.041
38,OK,40,40087,McClain,$4.274,4.274
38,OK,40,40089,McCurtain,$4.088,4.088
38,OK,40,40091,McIntosh,$4.031,4.031
38,OK,40,40099,Murray,$4.079,4.079
38,OK,40,40101,Muskogee,$4.016,4.016
38,OK,40,40103,Noble,$4.071,4.071
38,OK,40,40105,Nowata,$3.966,3.966
38,OK,40,40107,Okfuskee,$4.099,4.099
38,OK,40,40109,Oklahoma,$4.014,4.014
38,OK,40,40111,Okmulgee,$3.946,3.946
38,OK,40,40113,Osage,$4.194,4.194
38,OK,40,40115,Ottawa,$3.946,3.946
38,OK,40,40117,Pawnee,$4.082,4.082
38,OK,40,40119,Payne,$4.098,4.098
38,OK,40,40121,Pittsburg,$3.882,3.882
38,OK,40,40123,Pontotoc,$4.077,4.077
38,OK,40,40125,Pottawatomie,$3.973,3.973
38,OK,40,40127,Pushmataha,$3.986,3.986
38,OK,40,40129,Roger Mills,$4.280,4.28
38,OK,40,40131,Rogers,$4.038,4.038
38,OK,40,40133,Seminole,$3.940,3.94
38,OK,40,40135,Sequoyah,$3.959,3.959
38,OK,40,40137,Stephens,$4.068,4.068
38,OK,40,40139,Texas,$3.981,3.981
38,OK,40,40141,Tillman,$4.051,4.051
38,OK,40,40143,Tulsa,$4.020,4.02
38,OK,40,40145,Wagoner,$4.035,4.035
38,OK,40,40147,Washington,$4.014,4.014
38,OK,40,40149,Washita,$4.008,4.008
38,OK,40,40151,Woods,$4.093,4.093
38,OK,40,40153,Woodward,$4.007,4.007
39,OR,41,41001,Baker,$5.023,5.023
39,OR,41,41003,Benton,$4.871,4.871
39,OR,41,41005,Clackamas,$5.056,5.056
39,OR,41,41007,Clatsop,$5.156,5.156
39,OR,41,41009,Columbia,$5.076,5.076
39,OR,41,41011,Coos,$4.992,4.992
39,OR,41,41013,Crook,$5.098,5.098
39,OR,41,41015,Curry,$5.342,5.342
39,OR,41,41017,Deschutes,$4.946,4.946
39,OR,41,41019,Douglas,$5.011,5.011
39,OR,41,41021,Gilliam,$4.834,4.834
39,OR,41,41023,Grant,$5.069,5.069
39,OR,41,41025,Harney,$5.181,5.181
39,OR,41,41027,Hood River,$4.958,4.958
39,OR,41,41029,Jackson,$5.083,5.083
39,OR,41,41031,Jefferson,$5.020,5.02
39,OR,41,41033,Josephine,$5.244,5.244
39,OR,41,41035,Klamath,$5.006,5.006
39,OR,41,41037,Lake,$5.071,5.071
39,OR,41,41039,Lane,$5.059,5.059
39,OR,41,41041,Lincoln,$4.855,4.855
39,OR,41,41043,Linn,$4.890,4.89
39,OR,41,41045,Malheur,$5.224,5.224
39,OR,41,41047,Marion,$4.843,4.843
39,OR,41,41049,Morrow,$4.940,4.94
39,OR,41,41051,Multnomah,$5.116,5.116
39,OR,41,41053,Polk,$4.927,4.927
39,OR,41,41055,Sherman,$4.865,4.865
39,OR,41,41057,Tillamook,$5.377,5.377
39,OR,41,41059,Umatilla,$5.040,5.04
39,OR,41,41061,Union,$5.369,5.369
39,OR,41,41063,Wallowa,$5.324,5.324
39,OR,41,41065,Wasco,$5.092,5.092
39,OR,41,41067,Washington,$5.045,5.045
39,OR,41,41069,Wheeler,,NA
39,OR,41,41071,Yamhill,$5.077,5.077
40,PA,42,42001,Adams,$4.457,4.457
40,PA,42,42003,Allegheny,$4.717,4.717
40,PA,42,42005,Armstrong,$4.670,4.67
40,PA,42,42007,Beaver,$4.706,4.706
40,PA,42,42009,Bedford,$4.459,4.459
40,PA,42,42011,Berks,$4.424,4.424
40,PA,42,42013,Blair,$4.596,4.596
40,PA,42,42015,Bradford,$4.516,4.516
40,PA,42,42017,Bucks,$4.440,4.44
40,PA,42,42019,Butler,$4.706,4.706
40,PA,42,42021,Cambria,$4.605,4.605
40,PA,42,42023,Cameron,$4.352,4.352
40,PA,42,42025,Carbon,$4.391,4.391
40,PA,42,42027,Centre,$4.515,4.515
40,PA,42,42029,Chester,$4.421,4.421
40,PA,42,42031,Clarion,$4.641,4.641
40,PA,42,42033,Clearfield,$4.578,4.578
40,PA,42,42035,Clinton,$4.529,4.529
40,PA,42,42037,Columbia,$4.351,4.351
40,PA,42,42039,Crawford,$4.759,4.759
40,PA,42,42041,Cumberland,$4.330,4.33
40,PA,42,42043,Dauphin,$4.360,4.36
40,PA,42,42045,Delaware,$4.446,4.446
40,PA,42,42047,Elk,$4.512,4.512
40,PA,42,42049,Erie,$4.701,4.701
40,PA,42,42051,Fayette,$4.643,4.643
40,PA,42,42053,Forest,$4.699,4.699
40,PA,42,42055,Franklin,$4.230,4.23
40,PA,42,42057,Fulton,$4.306,4.306
40,PA,42,42059,Greene,$4.725,4.725
40,PA,42,42061,Huntingdon,$4.563,4.563
40,PA,42,42063,Indiana,$4.587,4.587
40,PA,42,42065,Jefferson,$4.591,4.591
40,PA,42,42067,Juniata,$4.451,4.451
40,PA,42,42069,Lackawanna,$4.473,4.473
40,PA,42,42071,Lancaster,$4.399,4.399
40,PA,42,42073,Lawrence,$4.644,4.644
40,PA,42,42075,Lebanon,$4.320,4.32
40,PA,42,42077,Lehigh,$4.326,4.326
40,PA,42,42079,Luzerne,$4.433,4.433
40,PA,42,42081,Lycoming,$4.406,4.406
40,PA,42,42083,McKean,$4.420,4.42
40,PA,42,42085,Mercer,$4.665,4.665
40,PA,42,42087,Mifflin,$4.275,4.275
40,PA,42,42089,Monroe,$4.426,4.426
40,PA,42,42091,Montgomery,$4.455,4.455
40,PA,42,42093,Montour,$4.260,4.26
40,PA,42,42095,Northampton,$4.333,4.333
40,PA,42,42097,Northumberland,$4.330,4.33
40,PA,42,42099,Perry,$4.347,4.347
40,PA,42,42101,Philadelphia,$4.505,4.505
40,PA,42,42103,Pike,$4.557,4.557
40,PA,42,42105,Potter,$4.553,4.553
40,PA,42,42107,Schuylkill,$4.413,4.413
40,PA,42,42109,Snyder,$4.363,4.363
40,PA,42,42111,Somerset,$4.597,4.597
40,PA,42,42113,Sullivan,$4.599,4.599
40,PA,42,42115,Susquehanna,$4.504,4.504
40,PA,42,42117,Tioga,$4.503,4.503
40,PA,42,42119,Union,$4.366,4.366
40,PA,42,42121,Venango,$4.743,4.743
40,PA,42,42123,Warren,$4.772,4.772
40,PA,42,42125,Washington,$4.611,4.611
40,PA,42,42127,Wayne,$4.488,4.488
40,PA,42,42129,Westmoreland,$4.658,4.658
40,PA,42,42131,Wyoming,$4.473,4.473
40,PA,42,42133,York,$4.449,4.449
41,RI,44,44001,Bristol,$4.315,4.315
41,RI,44,44003,Kent,$4.299,4.299
41,RI,44,44005,Newport,$4.380,4.38
41,RI,44,44007,Providence,$4.341,4.341
41,RI,44,44009,Washington,$4.456,4.456
42,SC,45,45001,Abbeville,$3.854,3.854
42,SC,45,45003,Aiken,$3.941,3.941
42,SC,45,45005,Allendale,$4.129,4.129
42,SC,45,45007,Anderson,$3.900,3.9
42,SC,45,45009,Bamberg,$4.024,4.024
42,SC,45,45011,Barnwell,$4.124,4.124
42,SC,45,45013,Beaufort,$4.101,4.101
42,SC,45,45015,Berkeley,$3.865,3.865
42,SC,45,45017,Calhoun,$4.133,4.133
42,SC,45,45019,Charleston,$3.910,3.91
42,SC,45,45021,Cherokee,$4.009,4.009
42,SC,45,45023,Chester,$4.112,4.112
42,SC,45,45025,Chesterfield,$4.012,4.012
42,SC,45,45027,Clarendon,$3.998,3.998
42,SC,45,45029,Colleton,$4.012,4.012
42,SC,45,45031,Darlington,$4.057,4.057
42,SC,45,45033,Dillon,$3.944,3.944
42,SC,45,45035,Dorchester,$3.895,3.895
42,SC,45,45037,Edgefield,$4.160,4.16
42,SC,45,45039,Fairfield,$4.110,4.11
42,SC,45,45041,Florence,$3.982,3.982
42,SC,45,45043,Georgetown,$4.026,4.026
42,SC,45,45045,Greenville,$4.005,4.005
42,SC,45,45047,Greenwood,$3.900,3.9
42,SC,45,45049,Hampton,$4.126,4.126
42,SC,45,45051,Horry,$3.857,3.857
42,SC,45,45053,Jasper,$4.083,4.083
42,SC,45,45055,Kershaw,$3.934,3.934
42,SC,45,45057,Lancaster,$4.022,4.022
42,SC,45,45059,Laurens,$4.067,4.067
42,SC,45,45061,Lee,$4.018,4.018
42,SC,45,45063,Lexington,$3.921,3.921
42,SC,45,45067,Marion,$3.941,3.941
42,SC,45,45069,Marlboro,$4.047,4.047
42,SC,45,45065,McCormick,$4.028,4.028
42,SC,45,45071,Newberry,$4.095,4.095
42,SC,45,45073,Oconee,$3.878,3.878
42,SC,45,45075,Orangeburg,$4.127,4.127
42,SC,45,45077,Pickens,$3.888,3.888
42,SC,45,45079,Richland,$3.982,3.982
42,SC,45,45081,Saluda,$4.025,4.025
42,SC,45,45083,Spartanburg,$3.947,3.947
42,SC,45,45085,Sumter,$4.054,4.054
42,SC,45,45087,Union,$3.968,3.968
42,SC,45,45089,Williamsburg,$4.061,4.061
42,SC,45,45091,York,$3.925,3.925
43,SD,46,46003,Aurora,$3.986,3.986
43,SD,46,46005,Beadle,$4.289,4.289
43,SD,46,46007,Bennett,$4.489,4.489
43,SD,46,46009,Bon Homme,$4.287,4.287
43,SD,46,46011,Brookings,$4.242,4.242
43,SD,46,46013,Brown,$4.477,4.477
43,SD,46,46015,Brule,$4.417,4.417
43,SD,46,46017,Buffalo,$4.399,4.399
43,SD,46,46019,Butte,$4.419,4.419
43,SD,46,46021,Campbell,$4.149,4.149
43,SD,46,46023,Charles Mix,$4.167,4.167
43,SD,46,46025,Clark,$4.532,4.532
43,SD,46,46027,Clay,$4.291,4.291
43,SD,46,46029,Codington,$4.243,4.243
43,SD,46,46031,Corson,$4.754,4.754
43,SD,46,46033,Custer,$4.499,4.499
43,SD,46,46035,Davison,$4.168,4.168
43,SD,46,46037,Day,$4.199,4.199
43,SD,46,46039,Deuel,$4.549,4.549
43,SD,46,46041,Dewey,$4.849,4.849
43,SD,46,46043,Douglas,$4.499,4.499
43,SD,46,46045,Edmunds,$4.399,4.399
43,SD,46,46047,Fall River,$4.286,4.286
43,SD,46,46049,Faulk,$3.789,3.789
43,SD,46,46051,Grant,$4.221,4.221
43,SD,46,46053,Gregory,$4.254,4.254
43,SD,46,46055,Haakon,$4.184,4.184
43,SD,46,46057,Hamlin,$4.199,4.199
43,SD,46,46059,Hand,$4.292,4.292
43,SD,46,46061,Hanson,$3.964,3.964
43,SD,46,46063,Harding,$4.299,4.299
43,SD,46,46065,Hughes,$4.571,4.571
43,SD,46,46067,Hutchinson,$4.082,4.082
43,SD,46,46069,Hyde,$4.399,4.399
43,SD,46,46071,Jackson,$4.404,4.404
43,SD,46,46073,Jerauld,$4.049,4.049
43,SD,46,46075,Jones,$4.182,4.182
43,SD,46,46077,Kingsbury,$4.369,4.369
43,SD,46,46079,Lake,$4.287,4.287
43,SD,46,46081,Lawrence,$4.378,4.378
43,SD,46,46083,Lincoln,$4.128,4.128
43,SD,46,46085,Lyman,$4.689,4.689
43,SD,46,46091,Marshall,$4.206,4.206
43,SD,46,46087,McCook,$3.999,3.999
43,SD,46,46089,McPherson,,NA
43,SD,46,46093,Meade,$4.411,4.411
43,SD,46,46095,Mellette,$4.199,4.199
43,SD,46,46097,Miner,$4.129,4.129
43,SD,46,46099,Minnehaha,$4.102,4.102
43,SD,46,46101,Moody,$4.419,4.419
43,SD,46,46103,Pennington,$4.211,4.211
43,SD,46,46105,Perkins,$4.266,4.266
43,SD,46,46107,Potter,$4.192,4.192
43,SD,46,46109,Roberts,$4.224,4.224
43,SD,46,46111,Sanborn,$4.489,4.489
43,SD,46,46113,Shannon,$4.412,4.412
43,SD,46,46115,Spink,$4.391,4.391
43,SD,46,46117,Stanley,$4.699,4.699
43,SD,46,46119,Sully,$4.429,4.429
43,SD,46,46121,Todd,$4.432,4.432
43,SD,46,46123,Tripp,$4.234,4.234
43,SD,46,46125,Turner,$4.119,4.119
43,SD,46,46127,Union,$4.067,4.067
43,SD,46,46129,Walworth,$4.459,4.459
43,SD,46,46135,Yankton,$4.351,4.351
43,SD,46,46137,Ziebach,$4.719,4.719
44,TN,47,47001,Anderson,$3.924,3.924
44,TN,47,47003,Bedford,$3.745,3.745
44,TN,47,47005,Benton,$3.872,3.872
44,TN,47,47007,Bledsoe,$4.013,4.013
44,TN,47,47009,Blount,$3.981,3.981
44,TN,47,47011,Bradley,$3.775,3.775
44,TN,47,47013,Campbell,$3.944,3.944
44,TN,47,47015,Cannon,$4.016,4.016
44,TN,47,47017,Carroll,$4.040,4.04
44,TN,47,47019,Carter,$3.875,3.875
44,TN,47,47021,Cheatham,$4.022,4.022
44,TN,47,47023,Chester,$4.095,4.095
44,TN,47,47025,Claiborne,$3.879,3.879
44,TN,47,47027,Clay,$4.199,4.199
44,TN,47,47029,Cocke,$3.925,3.925
44,TN,47,47031,Coffee,$3.751,3.751
44,TN,47,47033,Crockett,$4.238,4.238
44,TN,47,47035,Cumberland,$3.944,3.944
44,TN,47,47037,Davidson,$4.015,4.015
44,TN,47,47039,Decatur,$3.982,3.982
44,TN,47,47041,DeKalb,$3.979,3.979
44,TN,47,47043,Dickson,$3.866,3.866
44,TN,47,47045,Dyer,$3.993,3.993
44,TN,47,47047,Fayette,$4.085,4.085
44,TN,47,47049,Fentress,$3.959,3.959
44,TN,47,47051,Franklin,$3.944,3.944
44,TN,47,47053,Gibson,$4.098,4.098
44,TN,47,47055,Giles,$3.987,3.987
44,TN,47,47057,Grainger,$4.009,4.009
44,TN,47,47059,Greene,$3.891,3.891
44,TN,47,47061,Grundy,$3.966,3.966
44,TN,47,47063,Hamblen,$3.899,3.899
44,TN,47,47065,Hamilton,$3.778,3.778
44,TN,47,47067,Hancock,$3.999,3.999
44,TN,47,47069,Hardeman,$4.136,4.136
44,TN,47,47071,Hardin,$4.029,4.029
44,TN,47,47073,Hawkins,$3.889,3.889
44,TN,47,47075,Haywood,$4.160,4.16
44,TN,47,47077,Henderson,$3.929,3.929
44,TN,47,47079,Henry,$3.823,3.823
44,TN,47,47081,Hickman,$4.008,4.008
44,TN,47,47083,Houston,$4.066,4.066
44,TN,47,47085,Humphreys,$3.846,3.846
44,TN,47,47087,Jackson,$3.991,3.991
44,TN,47,47089,Jefferson,$3.950,3.95
44,TN,47,47091,Johnson,$3.979,3.979
44,TN,47,47093,Knox,$3.938,3.938
44,TN,47,47095,Lake,$4.049,4.049
44,TN,47,47097,Lauderdale,$4.204,4.204
44,TN,47,47099,Lawrence,$3.932,3.932
44,TN,47,47101,Lewis,$3.995,3.995
44,TN,47,47103,Lincoln,$3.930,3.93
44,TN,47,47105,Loudon,$4.056,4.056
44,TN,47,47111,Macon,$4.011,4.011
44,TN,47,47113,Madison,$4.130,4.13
44,TN,47,47115,Marion,$3.929,3.929
44,TN,47,47117,Marshall,$3.949,3.949
44,TN,47,47119,Maury,$3.978,3.978
44,TN,47,47107,McMinn,$3.949,3.949
44,TN,47,47109,McNairy,$4.063,4.063
44,TN,47,47121,Meigs,$3.961,3.961
44,TN,47,47123,Monroe,$4.003,4.003
44,TN,47,47125,Montgomery,$3.860,3.86
44,TN,47,47127,Moore,$3.849,3.849
44,TN,47,47129,Morgan,$3.997,3.997
44,TN,47,47131,Obion,$4.095,4.095
44,TN,47,47133,Overton,$4.011,4.011
44,TN,47,47135,Perry,$3.979,3.979
44,TN,47,47137,Pickett,$4.166,4.166
44,TN,47,47139,Polk,$3.947,3.947
44,TN,47,47141,Putnam,$3.948,3.948
44,TN,47,47143,Rhea,$3.860,3.86
44,TN,47,47145,Roane,$3.981,3.981
44,TN,47,47147,Robertson,$3.970,3.97
44,TN,47,47149,Rutherford,$3.876,3.876
44,TN,47,47151,Scott,$3.888,3.888
44,TN,47,47153,Sequatchie,$4.051,4.051
44,TN,47,47155,Sevier,$3.937,3.937
44,TN,47,47157,Shelby,$4.061,4.061
44,TN,47,47159,Smith,$3.929,3.929
44,TN,47,47161,Stewart,$4.108,4.108
44,TN,47,47163,Sullivan,$3.931,3.931
44,TN,47,47165,Sumner,$3.885,3.885
44,TN,47,47167,Tipton,$4.075,4.075
44,TN,47,47169,Trousdale,$4.132,4.132
44,TN,47,47171,Unicoi,$3.859,3.859
44,TN,47,47173,Union,$3.858,3.858
44,TN,47,47175,Van Buren,$3.999,3.999
44,TN,47,47177,Warren,$4.117,4.117
44,TN,47,47179,Washington,$3.951,3.951
44,TN,47,47181,Wayne,$3.951,3.951
44,TN,47,47183,Weakley,$4.016,4.016
44,TN,47,47185,White,$3.882,3.882
44,TN,47,47187,Williamson,$4.128,4.128
44,TN,47,47189,Wilson,$3.749,3.749
45,TX,48,48001,Anderson,$3.935,3.935
45,TX,48,48003,Andrews,$3.898,3.898
45,TX,48,48005,Angelina,$4.006,4.006
45,TX,48,48007,Aransas,$3.751,3.751
45,TX,48,48009,Archer,$3.979,3.979
45,TX,48,48011,Armstrong,$3.959,3.959
45,TX,48,48013,Atascosa,$3.947,3.947
45,TX,48,48015,Austin,$3.946,3.946
45,TX,48,48017,Bailey,$4.091,4.091
45,TX,48,48019,Bandera,$4.011,4.011
45,TX,48,48021,Bastrop,$3.947,3.947
45,TX,48,48023,Baylor,$4.099,4.099
45,TX,48,48025,Bee,$3.844,3.844
45,TX,48,48027,Bell,$3.950,3.95
45,TX,48,48029,Bexar,$3.950,3.95
45,TX,48,48031,Blanco,$3.972,3.972
45,TX,48,48033,Borden,,NA
45,TX,48,48035,Bosque,$3.961,3.961
45,TX,48,48037,Bowie,$3.941,3.941
45,TX,48,48039,Brazoria,$3.883,3.883
45,TX,48,48041,Brazos,$3.969,3.969
45,TX,48,48043,Brewster,$4.606,4.606
45,TX,48,48045,Briscoe,,NA
45,TX,48,48047,Brooks,$3.699,3.699
45,TX,48,48049,Brown,$3.863,3.863
45,TX,48,48051,Burleson,$3.980,3.98
45,TX,48,48053,Burnet,$3.912,3.912
45,TX,48,48055,Caldwell,$3.923,3.923
45,TX,48,48057,Calhoun,$3.880,3.88
45,TX,48,48059,Callahan,$3.934,3.934
45,TX,48,48061,Cameron,$3.755,3.755
45,TX,48,48063,Camp,$3.836,3.836
45,TX,48,48065,Carson,$3.921,3.921
45,TX,48,48067,Cass,$3.958,3.958
45,TX,48,48069,Castro,$4.099,4.099
45,TX,48,48071,Chambers,$3.916,3.916
45,TX,48,48073,Cherokee,$3.976,3.976
45,TX,48,48075,Childress,$3.857,3.857
45,TX,48,48077,Clay,$3.938,3.938
45,TX,48,48079,Cochran,$3.952,3.952
45,TX,48,48081,Coke,$4.079,4.079
45,TX,48,48083,Coleman,$3.962,3.962
45,TX,48,48085,Collin,$3.968,3.968
45,TX,48,48087,Collingsworth,$3.999,3.999
45,TX,48,48089,Colorado,$3.911,3.911
45,TX,48,48091,Comal,$3.957,3.957
45,TX,48,48093,Comanche,$3.892,3.892
45,TX,48,48095,Concho,$4.099,4.099
45,TX,48,48097,Cooke,$3.961,3.961
45,TX,48,48099,Coryell,$3.898,3.898
45,TX,48,48101,Cottle,$4.179,4.179
45,TX,48,48103,Crane,$4.199,4.199
45,TX,48,48105,Crockett,$4.219,4.219
45,TX,48,48107,Crosby,$4.059,4.059
45,TX,48,48109,Culberson,$4.409,4.409
45,TX,48,48111,Dallam,$4.009,4.009
45,TX,48,48113,Dallas,$3.983,3.983
45,TX,48,48115,Dawson,$4.158,4.158
45,TX,48,48117,Deaf Smith,$3.896,3.896
45,TX,48,48119,Delta,$3.999,3.999
45,TX,48,48121,Denton,$3.981,3.981
45,TX,NA,48123,DeWitt,$3.937,3.937
45,TX,48,48125,Dickens,$4.244,4.244
45,TX,48,48127,Dimmit,$4.054,4.054
45,TX,48,48129,Donley,$3.999,3.999
45,TX,48,48131,Duval,$3.877,3.877
45,TX,48,48133,Eastland,$3.866,3.866
45,TX,48,48135,Ector,$4.088,4.088
45,TX,48,48137,Edwards,$4.334,4.334
45,TX,48,48141,El Paso,$4.296,4.296
45,TX,48,48139,Ellis,$3.987,3.987
45,TX,48,48143,Erath,$3.886,3.886
45,TX,48,48145,Falls,$3.962,3.962
45,TX,48,48147,Fannin,$3.897,3.897
45,TX,48,48149,Fayette,$4.006,4.006
45,TX,48,48151,Fisher,$4.089,4.089
45,TX,48,48153,Floyd,$3.944,3.944
45,TX,48,48155,Foard,$3.979,3.979
45,TX,48,48157,Fort Bend,$3.871,3.871
45,TX,48,48159,Franklin,$3.939,3.939
45,TX,48,48161,Freestone,$3.879,3.879
45,TX,48,48163,Frio,$3.951,3.951
45,TX,48,48165,Gaines,$4.019,4.019
45,TX,48,48167,Galveston,$3.908,3.908
45,TX,48,48169,Garza,$4.199,4.199
45,TX,48,48171,Gillespie,$4.057,4.057
45,TX,48,48173,Glasscock,$4.409,4.409
45,TX,48,48175,Goliad,$3.962,3.962
45,TX,48,48177,Gonzales,$3.959,3.959
45,TX,48,48179,Gray,$3.966,3.966
45,TX,48,48181,Grayson,$3.951,3.951
45,TX,48,48183,Gregg,$3.923,3.923
45,TX,48,48185,Grimes,$4.021,4.021
45,TX,48,48187,Guadalupe,$3.946,3.946
45,TX,48,48189,Hale,$3.819,3.819
45,TX,48,48191,Hall,$4.006,4.006
45,TX,48,48193,Hamilton,$3.922,3.922
45,TX,48,48195,Hansford,$4.059,4.059
45,TX,48,48197,Hardeman,$3.973,3.973
45,TX,48,48199,Hardin,$3.894,3.894
45,TX,48,48201,Harris,$3.887,3.887
45,TX,48,48203,Harrison,$3.960,3.96
45,TX,48,48205,Hartley,$4.099,4.099
45,TX,48,48207,Haskell,$3.966,3.966
45,TX,48,48209,Hays,$3.952,3.952
45,TX,48,48211,Hemphill,$4.152,4.152
45,TX,48,48213,Henderson,$3.951,3.951
45,TX,48,48215,Hidalgo,$3.691,3.691
45,TX,48,48217,Hill,$3.955,3.955
45,TX,48,48219,Hockley,$3.974,3.974
45,TX,48,48221,Hood,$4.033,4.033
45,TX,48,48223,Hopkins,$3.981,3.981
45,TX,48,48225,Houston,$4.030,4.03
45,TX,48,48227,Howard,$3.860,3.86
45,TX,48,48229,Hudspeth,$4.532,4.532
45,TX,48,48231,Hunt,$3.947,3.947
45,TX,48,48233,Hutchinson,$3.964,3.964
45,TX,48,48235,Irion,$4.021,4.021
45,TX,48,48237,Jack,$3.963,3.963
45,TX,48,48239,Jackson,$4.047,4.047
45,TX,48,48241,Jasper,$3.987,3.987
45,TX,48,48243,Jeff Davis,$4.399,4.399
45,TX,48,48245,Jefferson,$3.906,3.906
45,TX,48,48247,Jim Hogg,$3.699,3.699
45,TX,48,48249,Jim Wells,$3.784,3.784
45,TX,48,48251,Johnson,$3.945,3.945
45,TX,48,48253,Jones,$3.963,3.963
45,TX,48,48255,Karnes,$3.881,3.881
45,TX,48,48257,Kaufman,$3.959,3.959
45,TX,48,48259,Kendall,$3.994,3.994
45,TX,48,48261,Kenedy,,NA
45,TX,48,48263,Kent,,NA
45,TX,48,48265,Kerr,$3.998,3.998
45,TX,48,48267,Kimble,$3.989,3.989
45,TX,48,48269,King,$4.099,4.099
45,TX,48,48271,Kinney,$3.759,3.759
45,TX,48,48273,Kleberg,$3.727,3.727
45,TX,48,48275,Knox,$4.099,4.099
45,TX,48,48283,La Salle,$3.980,3.98
45,TX,48,48277,Lamar,$3.991,3.991
45,TX,48,48279,Lamb,$4.122,4.122
45,TX,48,48281,Lampasas,$3.958,3.958
45,TX,48,48285,Lavaca,$4.037,4.037
45,TX,48,48287,Lee,$3.994,3.994
45,TX,48,48289,Leon,$4.007,4.007
45,TX,48,48291,Liberty,$3.865,3.865
45,TX,48,48293,Limestone,$3.929,3.929
45,TX,48,48295,Lipscomb,$4.086,4.086
45,TX,48,48297,Live Oak,$3.874,3.874
45,TX,48,48299,Llano,$3.918,3.918
45,TX,48,48301,Loving,$4.359,4.359
45,TX,48,48303,Lubbock,$4.007,4.007
45,TX,48,48305,Lynn,$4.199,4.199
45,TX,48,48313,Madison,$3.986,3.986
45,TX,48,48315,Marion,$3.913,3.913
45,TX,48,48317,Martin,$4.149,4.149
45,TX,48,48319,Mason,$4.119,4.119
45,TX,48,48321,Matagorda,$3.885,3.885
45,TX,48,48323,Maverick,$3.887,3.887
45,TX,48,48307,McCulloch,$4.228,4.228
45,TX,48,48309,McLennan,$3.972,3.972
45,TX,48,48311,McMullen,$3.959,3.959
45,TX,48,48325,Medina,$3.912,3.912
45,TX,48,48327,Menard,$4.059,4.059
45,TX,48,48329,Midland,$4.100,4.1
45,TX,48,48331,Milam,$3.887,3.887
45,TX,48,48333,Mills,$3.999,3.999
45,TX,48,48335,Mitchell,$3.969,3.969
45,TX,48,48337,Montague,$3.955,3.955
45,TX,48,48339,Montgomery,$3.875,3.875
45,TX,48,48341,Moore,$3.931,3.931
45,TX,48,48343,Morris,$3.950,3.95
45,TX,48,48345,Motley,$4.199,4.199
45,TX,48,48347,Nacogdoches,$3.962,3.962
45,TX,48,48349,Navarro,$3.981,3.981
45,TX,48,48351,Newton,$3.994,3.994
45,TX,48,48353,Nolan,$3.955,3.955
45,TX,48,48355,Nueces,$3.698,3.698
45,TX,48,48357,Ochiltree,$4.004,4.004
45,TX,48,48359,Oldham,$4.411,4.411
45,TX,48,48361,Orange,$3.868,3.868
45,TX,48,48363,Palo Pinto,$3.989,3.989
45,TX,48,48365,Panola,$3.921,3.921
45,TX,48,48367,Parker,$3.939,3.939
45,TX,48,48369,Parmer,$4.008,4.008
45,TX,48,48371,Pecos,$4.150,4.15
45,TX,48,48373,Polk,$3.872,3.872
45,TX,48,48375,Potter,$4.048,4.048
45,TX,48,48377,Presidio,$4.303,4.303
45,TX,48,48379,Rains,$3.937,3.937
45,TX,48,48381,Randall,$4.008,4.008
45,TX,48,48383,Reagan,$4.199,4.199
45,TX,48,48385,Real,$4.069,4.069
45,TX,48,48387,Red River,$4.035,4.035
45,TX,48,48389,Reeves,$4.142,4.142
45,TX,48,48391,Refugio,$3.893,3.893
45,TX,48,48393,Roberts,$4.889,4.889
45,TX,48,48395,Robertson,$3.955,3.955
45,TX,48,48397,Rockwall,$3.957,3.957
45,TX,48,48399,Runnels,$4.025,4.025
45,TX,48,48401,Rusk,$3.946,3.946
45,TX,48,48403,Sabine,$3.958,3.958
45,TX,48,48405,San Augustine,$3.998,3.998
45,TX,48,48407,San Jacinto,$3.825,3.825
45,TX,48,48409,San Patricio,$3.729,3.729
45,TX,48,48411,San Saba,$4.034,4.034
45,TX,48,48413,Schleicher,$3.999,3.999
45,TX,48,48415,Scurry,$3.825,3.825
45,TX,48,48417,Shackelford,$3.896,3.896
45,TX,48,48419,Shelby,$3.933,3.933
45,TX,48,48421,Sherman,$3.916,3.916
45,TX,48,48423,Smith,$3.918,3.918
45,TX,48,48425,Somervell,$3.913,3.913
45,TX,48,48427,Starr,$3.866,3.866
45,TX,48,48429,Stephens,$3.859,3.859
45,TX,48,48431,Sterling,$4.079,4.079
45,TX,48,48433,Stonewall,$4.299,4.299
45,TX,48,48435,Sutton,$4.027,4.027
45,TX,48,48437,Swisher,$3.999,3.999
45,TX,48,48439,Tarrant,$3.971,3.971
45,TX,48,48441,Taylor,$3.822,3.822
45,TX,48,48443,Terrell,$4.319,4.319
45,TX,48,48445,Terry,$3.986,3.986
45,TX,48,48447,Throckmorton,$4.099,4.099
45,TX,48,48449,Titus,$4.004,4.004
45,TX,48,48451,Tom Green,$4.088,4.088
45,TX,48,48453,Travis,$3.944,3.944
45,TX,48,48455,Trinity,$3.876,3.876
45,TX,48,48457,Tyler,$3.941,3.941
45,TX,48,48459,Upshur,$3.921,3.921
45,TX,48,48461,Upton,$4.188,4.188
45,TX,48,48463,Uvalde,$3.862,3.862
45,TX,48,48465,Val Verde,$3.875,3.875
45,TX,48,48467,Van Zandt,$3.930,3.93
45,TX,48,48469,Victoria,$3.902,3.902
45,TX,48,48471,Walker,$3.856,3.856
45,TX,48,48473,Waller,$3.953,3.953
45,TX,48,48475,Ward,$3.999,3.999
45,TX,48,48477,Washington,$3.932,3.932
45,TX,48,48479,Webb,$3.812,3.812
45,TX,48,48481,Wharton,$3.872,3.872
45,TX,48,48483,Wheeler,$3.999,3.999
45,TX,48,48485,Wichita,$3.937,3.937
45,TX,48,48487,Wilbarger,$3.872,3.872
45,TX,48,48489,Willacy,$3.712,3.712
45,TX,48,48491,Williamson,$3.946,3.946
45,TX,48,48493,Wilson,$3.925,3.925
45,TX,48,48495,Winkler,$3.936,3.936
45,TX,48,48497,Wise,$3.941,3.941
45,TX,48,48499,Wood,$3.975,3.975
45,TX,48,48501,Yoakum,$3.978,3.978
45,TX,48,48503,Young,$4.032,4.032
45,TX,48,48505,Zapata,$3.895,3.895
45,TX,48,48507,Zavala,$3.959,3.959
46,UT,49,49001,Beaver,$5.173,5.173
46,UT,49,49003,Box Elder,$4.902,4.902
46,UT,49,49005,Cache,$4.956,4.956
46,UT,49,49007,Carbon,$4.944,4.944
46,UT,49,49009,Daggett,$5.084,5.084
46,UT,49,49011,Davis,$4.956,4.956
46,UT,49,49013,Duchesne,$4.998,4.998
46,UT,49,49015,Emery,$5.006,5.006
46,UT,49,49017,Garfield,$5.106,5.106
46,UT,49,49019,Grand,$5.055,5.055
46,UT,49,49021,Iron,$5.008,5.008
46,UT,49,49023,Juab,$4.966,4.966
46,UT,49,49025,Kane,$5.116,5.116
46,UT,49,49027,Millard,$4.937,4.937
46,UT,49,49029,Morgan,$4.986,4.986
46,UT,49,49031,Piute,$5.222,5.222
46,UT,49,49033,Rich,$5.266,5.266
46,UT,49,49035,Salt Lake,$4.915,4.915
46,UT,49,49037,San Juan,$5.018,5.018
46,UT,49,49039,Sanpete,$4.993,4.993
46,UT,49,49041,Sevier,$5.044,5.044
46,UT,49,49043,Summit,$5.040,5.04
46,UT,49,49045,Tooele,$4.963,4.963
46,UT,49,49047,Uintah,$4.989,4.989
46,UT,49,49049,Utah,$4.959,4.959
46,UT,49,49051,Wasatch,$4.979,4.979
46,UT,49,49053,Washington,$5.016,5.016
46,UT,49,49055,Wayne,$5.298,5.298
46,UT,49,49057,Weber,$4.883,4.883
47,VT,50,50001,Addison,$4.353,4.353
47,VT,50,50003,Bennington,$4.337,4.337
47,VT,50,50005,Caledonia,$4.366,4.366
47,VT,50,50007,Chittenden,$4.495,4.495
47,VT,50,50009,Essex,$4.519,4.519
47,VT,50,50011,Franklin,$4.493,4.493
47,VT,50,50013,Grand Isle,$4.519,4.519
47,VT,50,50015,Lamoille,$4.430,4.43
47,VT,50,50017,Orange,$4.423,4.423
47,VT,50,50019,Orleans,$4.354,4.354
47,VT,50,50021,Rutland,$4.402,4.402
47,VT,50,50023,Washington,$4.488,4.488
47,VT,50,50025,Windham,$4.375,4.375
47,VT,50,50027,Windsor,$4.427,4.427
48,VA,51,51001,Accomack,$4.310,4.31
48,VA,51,51003,Albemarle,$4.172,4.172
48,VA,51,51510,Alexandria City,$4.320,4.32
48,VA,51,51005,Alleghany,$4.049,4.049
48,VA,51,51007,Amelia,$4.199,4.199
48,VA,51,51009,Amherst,$4.221,4.221
48,VA,51,51011,Appomattox,$4.178,4.178
48,VA,51,51013,Arlington,$4.296,4.296
48,VA,51,51015,Augusta,$4.036,4.036
48,VA,51,51017,Bath,$4.232,4.232
48,VA,51,51019,Bedford,$4.163,4.163
48,VA,51,51515,Bedford City,$4.017,4.017
48,VA,51,51021,Bland,$4.197,4.197
48,VA,51,51023,Botetourt,$4.244,4.244
48,VA,NA,51520,Bristol,$4.046,4.046
48,VA,51,51025,Brunswick,$4.156,4.156
48,VA,51,51027,Buchanan,$4.161,4.161
48,VA,51,51029,Buckingham,$4.163,4.163
48,VA,51,51530,Buena Vista City,$4.114,4.114
48,VA,51,51031,Campbell,$4.176,4.176
48,VA,51,51033,Caroline,$4.019,4.019
48,VA,51,51035,Carroll,$4.114,4.114
48,VA,51,51036,Charles City,$4.252,4.252
48,VA,51,51037,Charlotte,$4.190,4.19
48,VA,51,51540,Charlottesville City,$4.181,4.181
48,VA,51,51550,Chesapeake City,$4.155,4.155
48,VA,51,51041,Chesterfield,$4.109,4.109
48,VA,51,51043,Clarke,$4.143,4.143
48,VA,51,51560,Clifton Forge City,$4.201,4.201
48,VA,51,51570,Colonial Heights City,$4.042,4.042
48,VA,51,51580,Covington City,$4.232,4.232
48,VA,51,51045,Craig,$4.186,4.186
48,VA,51,51047,Culpeper,$4.137,4.137
48,VA,51,51049,Cumberland,$4.111,4.111
48,VA,51,51590,Danville City,$4.112,4.112
48,VA,51,51051,Dickenson,$4.066,4.066
48,VA,51,51053,Dinwiddie,$4.142,4.142
48,VA,51,51595,Emporia City,$4.069,4.069
48,VA,51,51057,Essex,$4.063,4.063
48,VA,51,51059,Fairfax,$4.307,4.307
48,VA,51,51600,Fairfax City,$4.225,4.225
48,VA,51,51610,Falls Church City,$4.279,4.279
48,VA,51,51061,Fauquier,$4.254,4.254
48,VA,51,51063,Floyd,$4.323,4.323
48,VA,51,51065,Fluvanna,$4.224,4.224
48,VA,51,51067,Franklin,$4.117,4.117
48,VA,51,51620,Franklin City,$4.054,4.054
48,VA,51,51069,Frederick,$4.050,4.05
48,VA,51,51630,Fredericksburg City,$4.087,4.087
48,VA,51,51640,Galax City,$4.185,4.185
48,VA,51,51071,Giles,$4.184,4.184
48,VA,51,51073,Gloucester,$4.005,4.005
48,VA,51,51075,Goochland,$4.216,4.216
48,VA,51,51077,Grayson,$4.194,4.194
48,VA,51,51079,Greene,$3.983,3.983
48,VA,51,51081,Greensville,$4.044,4.044
48,VA,51,51083,Halifax,$4.199,4.199
48,VA,51,51650,Hampton City,$4.125,4.125
48,VA,51,51085,Hanover,$4.150,4.15
48,VA,51,51660,Harrisonburg City,$4.132,4.132
48,VA,51,51087,Henrico,$4.109,4.109
48,VA,51,51089,Henry,$4.140,4.14
48,VA,51,51091,Highland,$4.349,4.349
48,VA,51,51670,Hopewell City,$4.093,4.093
48,VA,51,51093,Isle of Wight,$4.255,4.255
48,VA,51,51095,James City,$4.135,4.135
48,VA,51,51097,King and Queen,$4.089,4.089
48,VA,51,51099,King George,$4.083,4.083
48,VA,51,51101,King William,$4.153,4.153
48,VA,51,51103,Lancaster,$4.251,4.251
48,VA,51,51105,Lee,$4.064,4.064
48,VA,51,51678,Lexington City,$4.134,4.134
48,VA,51,51107,Loudoun,$4.247,4.247
48,VA,51,51109,Louisa,$4.226,4.226
48,VA,51,51111,Lunenburg,$4.139,4.139
48,VA,51,51680,Lynchburg City,$4.158,4.158
48,VA,51,51113,Madison,$4.268,4.268
48,VA,51,51683,Manassas City,$4.126,4.126
48,VA,51,51685,Manassas Park City,,NA
48,VA,51,51690,Martinsville City,$4.154,4.154
48,VA,51,51115,Mathews,$4.167,4.167
48,VA,51,51117,Mecklenburg,$4.028,4.028
48,VA,51,51119,Middlesex,$4.115,4.115
48,VA,51,51121,Montgomery,$4.209,4.209
48,VA,51,51125,Nelson,$4.337,4.337
48,VA,51,51127,New Kent,$4.156,4.156
48,VA,51,51700,Newport News City,$4.084,4.084
48,VA,51,51710,Norfolk City,$4.194,4.194
48,VA,51,51131,Northampton,$4.347,4.347
48,VA,51,51133,Northumberland,$4.175,4.175
48,VA,51,51720,Norton City,$4.023,4.023
48,VA,51,51135,Nottoway,$4.162,4.162
48,VA,51,51137,Orange,$4.211,4.211
48,VA,51,51139,Page,$4.215,4.215
48,VA,51,51141,Patrick,$4.159,4.159
48,VA,51,51730,Petersburg City,$4.097,4.097
48,VA,51,51143,Pittsylvania,$4.287,4.287
48,VA,51,51735,Poquoson City,$4.229,4.229
48,VA,51,51740,Portsmouth City,$4.277,4.277
48,VA,51,51145,Powhatan,$4.166,4.166
48,VA,51,51147,Prince Edward,$4.081,4.081
48,VA,51,51149,Prince George,$4.090,4.09
48,VA,51,51153,Prince William,$4.172,4.172
48,VA,51,51155,Pulaski,$4.057,4.057
48,VA,51,51750,Radford City,$4.215,4.215
48,VA,51,51157,Rappahannock,$4.199,4.199
48,VA,51,51159,Richmond,$4.124,4.124
48,VA,51,51760,Richmond City,$4.162,4.162
48,VA,51,51161,Roanoke,$4.188,4.188
48,VA,51,51770,Roanoke City,$4.144,4.144
48,VA,51,51163,Rockbridge,$4.115,4.115
48,VA,51,51165,Rockingham,$4.064,4.064
48,VA,51,51167,Russell,$4.091,4.091
48,VA,NA,51775,Salem,$4.114,4.114
48,VA,51,51169,Scott,$4.195,4.195
48,VA,51,51171,Shenandoah,$4.209,4.209
48,VA,51,51173,Smyth,$4.124,4.124
48,VA,51,51175,Southampton,$4.096,4.096
48,VA,51,51177,Spotsylvania,$3.978,3.978
48,VA,51,51179,Stafford,$4.165,4.165
48,VA,51,51790,Staunton City,$3.953,3.953
48,VA,51,51800,Suffolk City,$4.056,4.056
48,VA,51,51181,Surry,$4.296,4.296
48,VA,51,51183,Sussex,$4.241,4.241
48,VA,51,51185,Tazewell,$4.158,4.158
48,VA,51,51810,Virginia Beach City,$4.190,4.19
48,VA,51,51187,Warren,$3.987,3.987
48,VA,51,51191,Washington,$4.075,4.075
48,VA,51,51820,Waynesboro City,$3.875,3.875
48,VA,51,51193,Westmoreland,$4.134,4.134
48,VA,51,51830,Williamsburg City,,NA
48,VA,51,51840,Winchester City,$4.022,4.022
48,VA,51,51195,Wise,$4.099,4.099
48,VA,51,51197,Wythe,$4.170,4.17
48,VA,51,51199,York,$4.081,4.081
49,WA,53,53001,Adams,$5.364,5.364
49,WA,53,53003,Asotin,$5.049,5.049
49,WA,53,53005,Benton,$5.321,5.321
49,WA,53,53007,Chelan,$5.459,5.459
49,WA,53,53009,Clallam,$5.676,5.676
49,WA,53,53011,Clark,$5.333,5.333
49,WA,53,53013,Columbia,$5.632,5.632
49,WA,53,53015,Cowlitz,$5.388,5.388
49,WA,53,53017,Douglas,$5.339,5.339
49,WA,53,53019,Ferry,$5.197,5.197
49,WA,53,53021,Franklin,$5.262,5.262
49,WA,53,53023,Garfield,$5.374,5.374
49,WA,53,53025,Grant,$5.390,5.39
49,WA,53,53027,Grays Harbor,$5.711,5.711
49,WA,53,53029,Island,$5.463,5.463
49,WA,53,53031,Jefferson,$5.924,5.924
49,WA,53,53033,King,$5.750,5.75
49,WA,53,53035,Kitsap,$5.577,5.577
49,WA,53,53037,Kittitas,$5.439,5.439
49,WA,53,53039,Klickitat,$5.548,5.548
49,WA,53,53041,Lewis,$5.471,5.471
49,WA,53,53043,Lincoln,$5.339,5.339
49,WA,53,53045,Mason,$5.521,5.521
49,WA,53,53047,Okanogan,$5.388,5.388
49,WA,53,53049,Pacific,$5.799,5.799
49,WA,53,53051,Pend Oreille,$5.344,5.344
49,WA,53,53053,Pierce,$5.526,5.526
49,WA,53,53055,San Juan,$6.192,6.192
49,WA,53,53057,Skagit,$5.285,5.285
49,WA,53,53059,Skamania,$5.674,5.674
49,WA,53,53061,Snohomish,$5.506,5.506
49,WA,53,53063,Spokane,$5.196,5.196
49,WA,53,53065,Stevens,$5.167,5.167
49,WA,53,53067,Thurston,$5.429,5.429
49,WA,53,53069,Wahkiakum,$5.849,5.849
49,WA,53,53071,Walla Walla,$5.501,5.501
49,WA,53,53073,Whatcom,$5.338,5.338
49,WA,53,53075,Whitman,$5.462,5.462
49,WA,53,53077,Yakima,$5.269,5.269
50,WV,54,54001,Barbour,$4.125,4.125
50,WV,54,54003,Berkeley,$4.073,4.073
50,WV,54,54005,Boone,$4.291,4.291
50,WV,54,54007,Braxton,$4.159,4.159
50,WV,54,54009,Brooke,$4.369,4.369
50,WV,54,54011,Cabell,$4.267,4.267
50,WV,54,54013,Calhoun,$4.576,4.576
50,WV,54,54015,Clay,$4.370,4.37
50,WV,54,54017,Doddridge,$4.299,4.299
50,WV,54,54019,Fayette,$4.319,4.319
50,WV,54,54021,Gilmer,$4.249,4.249
50,WV,54,54023,Grant,$4.369,4.369
50,WV,54,54025,Greenbrier,$4.086,4.086
50,WV,54,54027,Hampshire,$4.314,4.314
50,WV,54,54029,Hancock,$4.270,4.27
50,WV,54,54031,Hardy,$4.386,4.386
50,WV,54,54033,Harrison,$4.503,4.503
50,WV,54,54035,Jackson,$4.365,4.365
50,WV,54,54037,Jefferson,$4.151,4.151
50,WV,54,54039,Kanawha,$4.388,4.388
50,WV,54,54041,Lewis,$4.275,4.275
50,WV,54,54043,Lincoln,$4.285,4.285
50,WV,54,54045,Logan,$4.310,4.31
50,WV,54,54049,Marion,$4.465,4.465
50,WV,54,54051,Marshall,$3.889,3.889
50,WV,54,54053,Mason,$4.358,4.358
50,WV,54,54047,McDowell,$4.190,4.19
50,WV,54,54055,Mercer,$4.317,4.317
50,WV,54,54057,Mineral,$4.179,4.179
50,WV,54,54059,Mingo,$4.406,4.406
50,WV,54,54061,Monongalia,$4.515,4.515
50,WV,54,54063,Monroe,$4.299,4.299
50,WV,54,54065,Morgan,$4.366,4.366
50,WV,54,54067,Nicholas,$4.382,4.382
50,WV,54,54069,Ohio,$4.107,4.107
50,WV,54,54071,Pendleton,$4.579,4.579
50,WV,54,54073,Pleasants,$4.366,4.366
50,WV,54,54075,Pocahontas,$4.213,4.213
50,WV,54,54077,Preston,$4.561,4.561
50,WV,54,54079,Putnam,$4.396,4.396
50,WV,54,54081,Raleigh,$4.397,4.397
50,WV,54,54083,Randolph,$4.170,4.17
50,WV,54,54085,Ritchie,$4.366,4.366
50,WV,54,54087,Roane,$4.279,4.279
50,WV,54,54089,Summers,$4.149,4.149
50,WV,54,54091,Taylor,$4.545,4.545
50,WV,54,54093,Tucker,$4.539,4.539
50,WV,54,54095,Tyler,$4.282,4.282
50,WV,54,54097,Upshur,$4.337,4.337
50,WV,54,54099,Wayne,$4.214,4.214
50,WV,54,54101,Webster,$4.399,4.399
50,WV,54,54103,Wetzel,$4.241,4.241
50,WV,54,54105,Wirt,$4.249,4.249
50,WV,54,54107,Wood,$4.236,4.236
50,WV,54,54109,Wyoming,$4.196,4.196
51,WI,55,55001,Adams,$4.357,4.357
51,WI,55,55003,Ashland,$4.293,4.293
51,WI,55,55005,Barron,$4.257,4.257
51,WI,55,55007,Bayfield,$4.403,4.403
51,WI,55,55009,Brown,$4.216,4.216
51,WI,55,55011,Buffalo,$4.102,4.102
51,WI,55,55013,Burnett,$4.123,4.123
51,WI,55,55015,Calumet,$4.218,4.218
51,WI,55,55017,Chippewa,$4.154,4.154
51,WI,55,55019,Clark,$4.183,4.183
51,WI,55,55021,Columbia,$4.211,4.211
51,WI,55,55023,Crawford,$4.311,4.311
51,WI,55,55025,Dane,$4.174,4.174
51,WI,55,55027,Dodge,$4.030,4.03
51,WI,55,55029,Door,$4.208,4.208
51,WI,55,55031,Douglas,$4.272,4.272
51,WI,55,55033,Dunn,$4.172,4.172
51,WI,55,55035,Eau Claire,$4.149,4.149
51,WI,55,55037,Florence,$4.206,4.206
51,WI,55,55039,Fond du Lac,$4.112,4.112
51,WI,55,55041,Forest,$4.209,4.209
51,WI,55,55043,Grant,$4.331,4.331
51,WI,55,55045,Green,$4.386,4.386
51,WI,55,55047,Green Lake,$4.190,4.19
51,WI,55,55049,Iowa,$4.291,4.291
51,WI,55,55051,Iron,$4.315,4.315
51,WI,55,55053,Jackson,$4.232,4.232
51,WI,55,55055,Jefferson,$4.247,4.247
51,WI,55,55057,Juneau,$4.196,4.196
51,WI,55,55059,Kenosha,$4.249,4.249
51,WI,55,55061,Kewaunee,$4.210,4.21
51,WI,55,55063,La Crosse,$4.172,4.172
51,WI,55,55065,Lafayette,$4.415,4.415
51,WI,55,55067,Langlade,$4.196,4.196
51,WI,55,55069,Lincoln,$4.063,4.063
51,WI,55,55071,Manitowoc,$4.216,4.216
51,WI,55,55073,Marathon,$4.239,4.239
51,WI,55,55075,Marinette,$4.104,4.104
51,WI,55,55077,Marquette,$4.277,4.277
51,WI,55,55078,Menominee,$4.099,4.099
51,WI,55,55079,Milwaukee,$4.186,4.186
51,WI,55,55081,Monroe,$4.256,4.256
51,WI,55,55083,Oconto,$4.219,4.219
51,WI,55,55085,Oneida,$4.275,4.275
51,WI,55,55087,Outagamie,$4.126,4.126
51,WI,55,55089,Ozaukee,$4.305,4.305
51,WI,55,55091,Pepin,$4.141,4.141
51,WI,55,55093,Pierce,$4.188,4.188
51,WI,55,55095,Polk,$4.121,4.121
51,WI,55,55097,Portage,$4.260,4.26
51,WI,55,55099,Price,$4.227,4.227
51,WI,55,55101,Racine,$4.123,4.123
51,WI,55,55103,Richland,$4.155,4.155
51,WI,55,55105,Rock,$4.010,4.01
51,WI,55,55107,Rusk,$4.267,4.267
51,WI,55,55111,Sauk,$4.134,4.134
51,WI,55,55113,Sawyer,$4.261,4.261
51,WI,55,55115,Shawano,$4.090,4.09
51,WI,55,55117,Sheboygan,$4.247,4.247
51,WI,55,55109,St. Croix,$4.218,4.218
51,WI,55,55119,Taylor,$4.137,4.137
51,WI,55,55121,Trempealeau,$4.130,4.13
51,WI,55,55123,Vernon,$4.238,4.238
51,WI,55,55125,Vilas,$4.345,4.345
51,WI,55,55127,Walworth,$4.190,4.19
51,WI,55,55129,Washburn,$4.230,4.23
51,WI,55,55131,Washington,$4.162,4.162
51,WI,55,55133,Waukesha,$4.123,4.123
51,WI,55,55135,Waupaca,$4.236,4.236
51,WI,55,55137,Waushara,$4.290,4.29
51,WI,55,55139,Winnebago,$4.236,4.236
51,WI,55,55141,Wood,$4.248,4.248
52,WY,56,56001,Albany,$4.343,4.343
52,WY,56,56003,Big Horn,$4.532,4.532
52,WY,56,56005,Campbell,$4.166,4.166
52,WY,56,56007,Carbon,$4.388,4.388
52,WY,56,56009,Converse,$4.185,4.185
52,WY,56,56011,Crook,$4.269,4.269
52,WY,56,56013,Fremont,$4.574,4.574
52,WY,56,56015,Goshen,$4.139,4.139
52,WY,56,56017,Hot Springs,$4.592,4.592
52,WY,56,56019,Johnson,$4.593,4.593
52,WY,56,56021,Laramie,$4.176,4.176
52,WY,56,56023,Lincoln,$4.989,4.989
52,WY,56,56025,Natrona,$4.203,4.203
52,WY,56,56027,Niobrara,$4.249,4.249
52,WY,56,56029,Park,$4.866,4.866
52,WY,56,56031,Platte,$4.799,4.799
52,WY,56,56033,Sheridan,$4.265,4.265
52,WY,56,56035,Sublette,$4.577,4.577
52,WY,56,56037,Sweetwater,$4.486,4.486
52,WY,56,56039,Teton,$5.235,5.235
52,WY,56,56041,Uinta,$4.835,4.835
52,WY,56,56043,Washakie,$4.344,4.344
52,WY,56,56045,Weston,$4.537,4.537
